id,usuario_id,fatura_id,tipo,mensagem,valor_referencia,periodo_referencia,gerado_em,usuario
1,1.0,1.0,previsao,"Previsão para 06/2026: cerca de 162 kWh, fatura estimada em R$ 153,70.",153.7,2026-05,2026-10-01 15:47:35.489585,Energy Innovation Lab (dados reais)
2,1.0,1.0,sugestao_horario,"Em 05/2026, 56% da sua energia foi no horário de pico (17h–22h). Programando o início da recarga para 00h (agendamento do carregador), quando a ocupação média dos carregadores é de 29%, você economizaria cerca de R$ 41,54 por mês.",41.54,2026-05,2026-10-01 15:47:35.489588,Energy Innovation Lab (dados reais)
3,2.0,2.0,previsao,"Previsão para 06/2026: cerca de 237 kWh, fatura estimada em R$ 155,49.",155.49,2026-05,2026-10-01 15:47:35.491609,Maria Oliveira
4,2.0,2.0,economia,"100% da sua energia em 05/2026 foi no horário noturno. Comparado ao pico, isso representou uma economia de R$ 99,96.",99.96,2026-05,2026-10-01 15:47:35.491611,Maria Oliveira
5,3.0,3.0,previsao,"Previsão para 06/2026: cerca de 136 kWh, fatura estimada em R$ 151,30.",151.3,2026-05,2026-10-01 15:47:35.493340,Carlos Oliveira
6,3.0,3.0,sugestao_horario,"Em 05/2026, 95% da sua energia foi no horário de pico (17h–22h). Programando o início da recarga para 00h (agendamento do carregador), quando a ocupação média dos carregadores é de 29%, você economizaria cerca de R$ 61,34 por mês.",61.34,2026-05,2026-10-01 15:47:35.493341,Carlos Oliveira
7,4.0,4.0,previsao,"Previsão para 06/2026: cerca de 131 kWh, fatura estimada em R$ 107,16.",107.16,2026-05,2026-10-01 15:47:35.494933,Ana Souza
8,4.0,4.0,economia,"81% da sua energia em 05/2026 foi no horário noturno. Comparado ao pico, isso representou uma economia de R$ 43,09.",43.09,2026-05,2026-10-01 15:47:35.494935,Ana Souza
9,5.0,5.0,previsao,"Previsão para 06/2026: cerca de 105 kWh, fatura estimada em R$ 103,40. Isso está 32% acima da sua média mensal.",103.4,2026-05,2026-10-01 15:47:35.496622,Rafael Lima
10,5.0,5.0,comparativo,"Seu consumo de 79,2 kWh ficou 39% abaixo da média do seu grupo de uso (Uso leve, concentrado no pico: 129,9 kWh).",79.16,2026-05,2026-10-01 15:47:35.496624,Rafael Lima
11,6.0,6.0,anomalia,"3 sessão(ões) sua(s) ficou(aram) em análise e não foi(ram) cobrada(s) nesta fatura (Isolation Forest: valor atípico de tempo ocioso (z=3.0)). Se o gestor aprovar, o valor entra na próxima fatura como ajuste.",3.0,2026-05,2026-10-01 15:47:35.498212,Beatriz Costa
12,6.0,6.0,previsao,"Previsão para 06/2026: cerca de 208 kWh, fatura estimada em R$ 180,77.",180.77,2026-05,2026-10-01 15:47:35.498214,Beatriz Costa
13,7.0,7.0,previsao,"Previsão para 06/2026: cerca de 168 kWh, fatura estimada em R$ 140,52.",140.52,2026-05,2026-10-01 15:47:35.499843,Fernando Rocha
14,7.0,7.0,sugestao_horario,"Em 05/2026, 34% da sua energia foi no horário de pico (17h–22h). Programando o início da recarga para 00h (agendamento do carregador), quando a ocupação média dos carregadores é de 29%, você economizaria cerca de R$ 28,32 por mês.",28.32,2026-05,2026-10-01 15:47:35.499845,Fernando Rocha
15,7.0,7.0,comparativo,"Seu consumo de 206,2 kWh ficou 59% acima da média do seu grupo de uso (Uso leve, concentrado no pico: 129,9 kWh).",206.23000000000002,2026-05,2026-10-01 15:47:35.499846,Fernando Rocha
16,10.0,8.0,previsao,"Previsão para 06/2026: cerca de 110 kWh, fatura estimada em R$ 143,82.",143.82,2026-05,2026-10-01 15:47:35.501890,Juliana Prado (visitante)
17,10.0,8.0,sugestao_horario,"Em 05/2026, 90% da sua energia foi no horário de pico (17h–22h). Programando o início da recarga para 00h (agendamento do carregador), quando a ocupação média dos carregadores é de 29%, você economizaria cerca de R$ 35,98 por mês.",35.98,2026-05,2026-10-01 15:47:35.501892,Juliana Prado (visitante)
18,10.0,8.0,comparativo,"Seu consumo de 89,4 kWh ficou 31% abaixo da média do seu grupo de uso (Uso leve, concentrado no pico: 129,9 kWh).",89.39,2026-05,2026-10-01 15:47:35.501892,Juliana Prado (visitante)
19,10.0,8.0,modalidade,"Pelo consumo previsto, a modalidade mensal sairia R$ 18,86 mais barata que a avulso no próximo mês.",18.86,2026-05,2026-10-01 15:47:35.501893,Juliana Prado (visitante)
20,,,operacional,"05/2026: 74 sessões faturadas, 1.255,8 kWh, receita de energia/ociosidade de R$ 976,78 + R$ 175,00 de planos.",1255.85,2026-05,2026-10-01 15:47:35.503863,
21,,,anomalia,"3 sessão(ões) aguardando revisão do gestor (59,8 kWh retidos da cobrança).",3.0,2026-05,2026-10-01 15:47:35.503864,
22,,,previsao,Demanda prevista para 06/2026: 1.334 kWh no condomínio. Horário mais disputado: 23h (39% dos carregadores ocupados em média).,1334.35,2026-05,2026-10-01 15:47:35.503865,
23,1.0,9.0,anomalia,"1 sessão(ões) sua(s) ficou(aram) em análise e não foi(ram) cobrada(s) nesta fatura (Isolation Forest: valor atípico de fração da bateria (z=2.4)). Se o gestor aprovar, o valor entra na próxima fatura como ajuste.",1.0,2026-06,2026-10-01 15:47:36.348305,Energy Innovation Lab (dados reais)
24,1.0,9.0,previsao,"Previsão para 07/2026: cerca de 137 kWh, fatura estimada em R$ 131,03.",131.03,2026-06,2026-10-01 15:47:36.348307,Energy Innovation Lab (dados reais)
25,1.0,9.0,sugestao_horario,"Em 06/2026, 48% da sua energia foi no horário de pico (17h–22h). Programando o início da recarga para 00h (agendamento do carregador), quando a ocupação média dos carregadores é de 31%, você economizaria cerca de R$ 32,32 por mês.",32.32,2026-06,2026-10-01 15:47:36.348308,Energy Innovation Lab (dados reais)
26,2.0,10.0,previsao,"Previsão para 07/2026: cerca de 343 kWh, fatura estimada em R$ 215,79.",215.79,2026-06,2026-10-01 15:47:36.350298,Maria Oliveira
27,2.0,10.0,economia,"98% da sua energia em 06/2026 foi no horário noturno. Comparado ao pico, isso representou uma economia de R$ 120,29.",120.29,2026-06,2026-10-01 15:47:36.350300,Maria Oliveira
28,2.0,10.0,comparativo,"Seu consumo de 307,6 kWh ficou 22% acima da média do seu grupo de uso (Uso intenso, noturno: 253,0 kWh).",307.59,2026-06,2026-10-01 15:47:36.350300,Maria Oliveira
29,3.0,11.0,previsao,"Previsão para 07/2026: cerca de 162 kWh, fatura estimada em R$ 176,69.",176.69,2026-06,2026-10-01 15:47:36.352414,Carlos Oliveira
30,3.0,11.0,sugestao_horario,"Em 06/2026, 98% da sua energia foi no horário de pico (17h–22h). Programando o início da recarga para 00h (agendamento do carregador), quando a ocupação média dos carregadores é de 31%, você economizaria cerca de R$ 83,04 por mês.",83.04,2026-06,2026-10-01 15:47:36.352415,Carlos Oliveira
31,3.0,11.0,comparativo,"Seu consumo de 194,9 kWh ficou 97% acima da média do seu grupo de uso (Uso leve, concentrado no pico (moderado): 99,0 kWh).",194.89000000000001,2026-06,2026-10-01 15:47:36.352416,Carlos Oliveira
32,4.0,12.0,previsao,"Previsão para 07/2026: cerca de 302 kWh, fatura estimada em R$ 215,20. Isso está 50% acima da sua média mensal.",215.2,2026-06,2026-10-01 15:47:36.354563,Ana Souza
33,4.0,12.0,economia,"79% da sua energia em 06/2026 foi no horário noturno. Comparado ao pico, isso representou uma economia de R$ 85,86.",85.86,2026-06,2026-10-01 15:47:36.354565,Ana Souza
34,5.0,13.0,previsao,"Previsão para 07/2026: cerca de 3 kWh, fatura estimada em R$ 27,25.",27.25,2026-06,2026-10-01 15:47:36.356214,Rafael Lima
35,5.0,13.0,comparativo,"Seu consumo de 28,5 kWh ficou 71% abaixo da média do seu grupo de uso (Uso leve, concentrado no pico (moderado): 99,0 kWh).",28.509999999999998,2026-06,2026-10-01 15:47:36.356215,Rafael Lima
36,5.0,13.0,modalidade,"Pelo consumo previsto, a modalidade avulso sairia R$ 23,80 mais barata que a mensal no próximo mês.",23.8,2026-06,2026-10-01 15:47:36.356215,Rafael Lima
37,6.0,14.0,anomalia,"1 sessão(ões) sua(s) ficou(aram) em análise e não foi(ram) cobrada(s) nesta fatura (energia (58.0 kWh) maior que a bateria do veículo (44.9 kWh); medidor informou 58.0 kWh, telemetria somou 22.2 kWh). Se o gestor aprovar, o valor entra na próxima fatura como ajuste.",1.0,2026-06,2026-10-01 15:47:36.358143,Beatriz Costa
38,6.0,14.0,previsao,"Previsão para 07/2026: cerca de 243 kWh, fatura estimada em R$ 206,99.",206.99,2026-06,2026-10-01 15:47:36.358144,Beatriz Costa
39,6.0,14.0,comparativo,"Seu consumo de 181,4 kWh ficou 28% abaixo da média do seu grupo de uso (Uso intenso, noturno: 253,0 kWh).",181.36,2026-06,2026-10-01 15:47:36.358144,Beatriz Costa
40,7.0,15.0,previsao,"Previsão para 07/2026: cerca de 125 kWh, fatura estimada em R$ 113,83.",113.83,2026-06,2026-10-01 15:47:36.359896,Fernando Rocha
41,7.0,15.0,sugestao_horario,"Em 06/2026, 49% da sua energia foi no horário de pico (17h–22h). Programando o início da recarga para 00h (agendamento do carregador), quando a ocupação média dos carregadores é de 31%, você economizaria cerca de R$ 28,32 por mês.",28.32,2026-06,2026-10-01 15:47:36.359898,Fernando Rocha
42,7.0,15.0,comparativo,"Seu consumo de 144,0 kWh ficou 45% acima da média do seu grupo de uso (Uso leve, concentrado no pico (moderado): 99,0 kWh).",144.01,2026-06,2026-10-01 15:47:36.359898,Fernando Rocha
43,10.0,16.0,previsao,"Previsão para 07/2026: cerca de 42 kWh, fatura estimada em R$ 55,11.",55.11,2026-06,2026-10-01 15:47:36.362069,Juliana Prado (visitante)
44,10.0,16.0,sugestao_horario,"Em 06/2026, 100% da sua energia foi no horário de pico (17h–22h). Programando o início da recarga para 00h (agendamento do carregador), quando a ocupação média dos carregadores é de 31%, você economizaria cerca de R$ 13,44 por mês.",13.44,2026-06,2026-10-01 15:47:36.362080,Juliana Prado (visitante)
45,10.0,16.0,comparativo,"Seu consumo de 28,7 kWh ficou 71% abaixo da média do seu grupo de uso (Uso leve, concentrado no pico (moderado): 99,0 kWh).",28.68,2026-06,2026-10-01 15:47:36.362081,Juliana Prado (visitante)
46,,,operacional,"06/2026: 67 sessões faturadas, 1.306,5 kWh, receita de energia/ociosidade de R$ 962,59 + R$ 175,00 de planos.",1306.51,2026-06,2026-10-01 15:47:36.363597,
47,,,anomalia,"2 sessão(ões) aguardando revisão do gestor (58,8 kWh retidos da cobrança).",2.0,2026-06,2026-10-01 15:47:36.363599,
48,,,anomalia,1 sessão(ões) sem entrega de energia descartada(s) automaticamente.,1.0,2026-06,2026-10-01 15:47:36.363599,
49,,,previsao,Demanda prevista para 07/2026: 1.370 kWh no condomínio. Horário mais disputado: 23h (38% dos carregadores ocupados em média).,1370.25,2026-06,2026-10-01 15:47:36.363600,
50,1.0,17.0,previsao,"Previsão para 08/2026: cerca de 138 kWh, fatura estimada em R$ 132,25.",132.25,2026-07,2026-10-01 15:47:37.273969,Energy Innovation Lab (dados reais)
51,1.0,17.0,sugestao_horario,"Em 07/2026, 55% da sua energia foi no horário de pico (17h–22h). Programando o início da recarga para 22h (agendamento do carregador), quando a ocupação média dos carregadores é de 33%, você economizaria cerca de R$ 43,22 por mês.",43.22,2026-07,2026-10-01 15:47:37.273972,Energy Innovation Lab (dados reais)
52,1.0,17.0,comparativo,"Seu consumo de 155,2 kWh ficou 36% acima da média do seu grupo de uso (Uso leve, concentrado no pico: 114,3 kWh).",155.17000000000002,2026-07,2026-10-01 15:47:37.273973,Energy Innovation Lab (dados reais)
53,2.0,18.0,previsao,"Previsão para 08/2026: cerca de 236 kWh, fatura estimada em R$ 156,03.",156.03,2026-07,2026-10-01 15:47:37.276416,Maria Oliveira
54,2.0,18.0,economia,"100% da sua energia em 07/2026 foi no horário noturno. Comparado ao pico, isso representou uma economia de R$ 97,28.",97.28,2026-07,2026-10-01 15:47:37.276418,Maria Oliveira
55,3.0,19.0,previsao,"Previsão para 08/2026: cerca de 94 kWh, fatura estimada em R$ 112,71.",112.71,2026-07,2026-10-01 15:47:37.278125,Carlos Oliveira
56,3.0,19.0,sugestao_horario,"Em 07/2026, 96% da sua energia foi no horário de pico (17h–22h). Programando o início da recarga para 22h (agendamento do carregador), quando a ocupação média dos carregadores é de 33%, você economizaria cerca de R$ 54,40 por mês.",54.4,2026-07,2026-10-01 15:47:37.278126,Carlos Oliveira
57,4.0,20.0,previsao,"Previsão para 08/2026: cerca de 243 kWh, fatura estimada em R$ 182,02.",182.02,2026-07,2026-10-01 15:47:37.279893,Ana Souza
58,4.0,20.0,sugestao_horario,"Em 07/2026, 31% da sua energia foi no horário de pico (17h–22h). Programando o início da recarga para 22h (agendamento do carregador), quando a ocupação média dos carregadores é de 33%, você economizaria cerca de R$ 28,90 por mês.",28.9,2026-07,2026-10-01 15:47:37.279894,Ana Souza
59,5.0,21.0,previsao,"Previsão para 08/2026: cerca de 29 kWh, fatura estimada em R$ 46,57.",46.57,2026-07,2026-10-01 15:47:37.281623,Rafael Lima
60,5.0,21.0,comparativo,"Seu consumo de 63,6 kWh ficou 81% acima da média do seu grupo de uso (Uso leve, diurno: 35,2 kWh).",63.59,2026-07,2026-10-01 15:47:37.281625,Rafael Lima
61,5.0,21.0,modalidade,"Pelo consumo previsto, a modalidade avulso sairia R$ 13,50 mais barata que a mensal no próximo mês.",13.5,2026-07,2026-10-01 15:47:37.281626,Rafael Lima
62,6.0,22.0,previsao,"Previsão para 08/2026: cerca de 260 kWh, fatura estimada em R$ 219,86.",219.86,2026-07,2026-10-01 15:47:37.283565,Beatriz Costa
63,7.0,23.0,previsao,"Previsão para 08/2026: cerca de 54 kWh, fatura estimada em R$ 63,70.",63.7,2026-07,2026-10-01 15:47:37.285280,Fernando Rocha
64,7.0,23.0,comparativo,Você não usou o carregador em 07/2026; a fatura tem apenas a contribuição fixa do plano.,0.0,2026-07,2026-10-01 15:47:37.285282,Fernando Rocha
65,9.0,24.0,previsao,"Previsão para 08/2026: cerca de 16 kWh, fatura estimada em R$ 18,22.",18.22,2026-07,2026-10-01 15:47:37.287017,Lucas Mendes (visitante)
66,9.0,24.0,comparativo,"Seu consumo de 6,7 kWh ficou 81% abaixo da média do seu grupo de uso (Uso leve, diurno: 35,2 kWh).",6.74,2026-07,2026-10-01 15:47:37.287018,Lucas Mendes (visitante)
67,10.0,25.0,previsao,"Previsão para 08/2026: cerca de 94 kWh, fatura estimada em R$ 123,06. Isso está 60% acima da sua média mensal.",123.06,2026-07,2026-10-01 15:47:37.288719,Juliana Prado (visitante)
68,10.0,25.0,sugestao_horario,"Em 07/2026, 79% da sua energia foi no horário de pico (17h–22h). Programando o início da recarga para 22h (agendamento do carregador), quando a ocupação média dos carregadores é de 33%, você economizaria cerca de R$ 20,60 por mês.",20.6,2026-07,2026-10-01 15:47:37.288721,Juliana Prado (visitante)
69,10.0,25.0,comparativo,"Seu consumo de 59,3 kWh ficou 48% abaixo da média do seu grupo de uso (Uso leve, concentrado no pico: 114,3 kWh).",59.33,2026-07,2026-10-01 15:47:37.288722,Juliana Prado (visitante)
70,10.0,25.0,modalidade,"Pelo consumo previsto, a modalidade mensal sairia R$ 12,79 mais barata que a avulso no próximo mês.",12.79,2026-07,2026-10-01 15:47:37.288723,Juliana Prado (visitante)
71,,,operacional,"07/2026: 64 sessões faturadas, 1.138,0 kWh, receita de energia/ociosidade de R$ 880,79 + R$ 175,00 de planos.",1137.97,2026-07,2026-10-01 15:47:37.290164,
72,,,anomalia,1 sessão(ões) sem entrega de energia descartada(s) automaticamente.,1.0,2026-07,2026-10-01 15:47:37.290165,
73,,,previsao,Demanda prevista para 08/2026: 1.165 kWh no condomínio. Horário mais disputado: 23h (35% dos carregadores ocupados em média).,1164.74,2026-07,2026-10-01 15:47:37.290166,
74,1.0,26.0,anomalia,"1 sessão(ões) sua(s) ficou(aram) em análise e não foi(ram) cobrada(s) nesta fatura (Isolation Forest: valor atípico de fração da bateria (z=2.4)). Se o gestor aprovar, o valor entra na próxima fatura como ajuste.",1.0,2026-08,2026-10-01 15:47:38.280334,Energy Innovation Lab (dados reais)
75,1.0,26.0,previsao,"Previsão para 09/2026: cerca de 141 kWh, fatura estimada em R$ 131,86.",131.86,2026-08,2026-10-01 15:47:38.280337,Energy Innovation Lab (dados reais)
76,1.0,26.0,sugestao_horario,"Em 08/2026, 38% da sua energia foi no horário de pico (17h–22h). Programando o início da recarga para 00h (agendamento do carregador), quando a ocupação média dos carregadores é de 32%, você economizaria cerca de R$ 27,13 por mês.",27.13,2026-08,2026-10-01 15:47:38.280337,Energy Innovation Lab (dados reais)
77,2.0,27.0,anomalia,"1 sessão(ões) sua(s) ficou(aram) em análise e não foi(ram) cobrada(s) nesta fatura (Isolation Forest: valor atípico de tempo ocioso (z=2.9)). Se o gestor aprovar, o valor entra na próxima fatura como ajuste.",1.0,2026-08,2026-10-01 15:47:38.282712,Maria Oliveira
78,2.0,27.0,previsao,"Previsão para 09/2026: cerca de 269 kWh, fatura estimada em R$ 173,57.",173.57,2026-08,2026-10-01 15:47:38.282714,Maria Oliveira
79,2.0,27.0,economia,"100% da sua energia em 08/2026 foi no horário noturno. Comparado ao pico, isso representou uma economia de R$ 145,12.",145.12,2026-08,2026-10-01 15:47:38.282714,Maria Oliveira
80,2.0,27.0,comparativo,"Seu consumo de 362,8 kWh ficou 45% acima da média do seu grupo de uso (Uso intenso, noturno: 250,9 kWh).",362.81,2026-08,2026-10-01 15:47:38.282714,Maria Oliveira
81,3.0,28.0,previsao,"Previsão para 09/2026: cerca de 133 kWh, fatura estimada em R$ 149,07.",149.07,2026-08,2026-10-01 15:47:38.284546,Carlos Oliveira
82,3.0,28.0,sugestao_horario,"Em 08/2026, 93% da sua energia foi no horário de pico (17h–22h). Programando o início da recarga para 00h (agendamento do carregador), quando a ocupação média dos carregadores é de 32%, você economizaria cerca de R$ 91,52 por mês.",91.52,2026-08,2026-10-01 15:47:38.284547,Carlos Oliveira
83,3.0,28.0,comparativo,"Seu consumo de 232,4 kWh ficou 49% acima da média do seu grupo de uso (Uso leve, concentrado no pico: 155,6 kWh).",232.41,2026-08,2026-10-01 15:47:38.284548,Carlos Oliveira
84,4.0,29.0,anomalia,"1 sessão(ões) sua(s) ficou(aram) em análise e não foi(ram) cobrada(s) nesta fatura (sessão longa: 13.2 h (limite 12 h)). Se o gestor aprovar, o valor entra na próxima fatura como ajuste.",1.0,2026-08,2026-10-01 15:47:38.286750,Ana Souza
85,4.0,29.0,previsao,"Previsão para 09/2026: cerca de 239 kWh, fatura estimada em R$ 177,34.",177.34,2026-08,2026-10-01 15:47:38.286752,Ana Souza
86,4.0,29.0,economia,"82% da sua energia em 08/2026 foi no horário noturno. Comparado ao pico, isso representou uma economia de R$ 89,08.",89.08,2026-08,2026-10-01 15:47:38.286753,Ana Souza
87,5.0,30.0,anomalia,"1 sessão(ões) sua(s) ficou(aram) em análise e não foi(ram) cobrada(s) nesta fatura (sessão longa: 15.5 h (limite 12 h)). Se o gestor aprovar, o valor entra na próxima fatura como ajuste.",1.0,2026-08,2026-10-01 15:47:38.288923,Rafael Lima
88,5.0,30.0,previsao,"Previsão para 09/2026: cerca de 33 kWh, fatura estimada em R$ 49,92.",49.92,2026-08,2026-10-01 15:47:38.288926,Rafael Lima
89,5.0,30.0,modalidade,"Pelo consumo previsto, a modalidade avulso sairia R$ 11,71 mais barata que a mensal no próximo mês.",11.71,2026-08,2026-10-01 15:47:38.288926,Rafael Lima
90,6.0,31.0,previsao,"Previsão para 09/2026: cerca de 242 kWh, fatura estimada em R$ 206,64. Isso está 31% acima da sua média mensal.",206.64,2026-08,2026-10-01 15:47:38.291402,Beatriz Costa
91,6.0,31.0,comparativo,"Seu consumo de 118,7 kWh ficou 53% abaixo da média do seu grupo de uso (Uso intenso, noturno: 250,9 kWh).",118.66000000000001,2026-08,2026-10-01 15:47:38.291405,Beatriz Costa
92,7.0,32.0,previsao,"Previsão para 09/2026: cerca de 128 kWh, fatura estimada em R$ 113,84.",113.84,2026-08,2026-10-01 15:47:38.293867,Fernando Rocha
93,7.0,32.0,sugestao_horario,"Em 08/2026, 26% da sua energia foi no horário de pico (17h–22h). Programando o início da recarga para 00h (agendamento do carregador), quando a ocupação média dos carregadores é de 32%, você economizaria cerca de R$ 14,51 por mês.",14.51,2026-08,2026-10-01 15:47:38.293870,Fernando Rocha
94,8.0,33.0,previsao,"Previsão para 09/2026: cerca de 175 kWh, fatura estimada em R$ 160,14.",160.14,2026-08,2026-10-01 15:47:38.295744,Paulo Teixeira
95,8.0,33.0,sugestao_horario,"Em 08/2026, 55% da sua energia foi no horário de pico (17h–22h). Programando o início da recarga para 00h (agendamento do carregador), quando a ocupação média dos carregadores é de 32%, você economizaria cerca de R$ 47,20 por mês.",47.2,2026-08,2026-10-01 15:47:38.295746,Paulo Teixeira
96,8.0,33.0,comparativo,"Seu consumo de 212,1 kWh ficou 36% acima da média do seu grupo de uso (Uso leve, concentrado no pico: 155,6 kWh).",212.10000000000002,2026-08,2026-10-01 15:47:38.295747,Paulo Teixeira
97,10.0,35.0,previsao,"Previsão para 09/2026: cerca de 87 kWh, fatura estimada em R$ 112,33. Isso está 53% acima da sua média mensal.",112.33,2026-08,2026-10-01 15:47:38.299473,Juliana Prado (visitante)
98,10.0,35.0,sugestao_horario,"Em 08/2026, 72% da sua energia foi no horário de pico (17h–22h). Programando o início da recarga para 00h (agendamento do carregador), quando a ocupação média dos carregadores é de 32%, você economizaria cerca de R$ 14,69 por mês.",14.69,2026-08,2026-10-01 15:47:38.299475,Juliana Prado (visitante)
99,10.0,35.0,comparativo,"Seu consumo de 51,0 kWh ficou 67% abaixo da média do seu grupo de uso (Uso leve, concentrado no pico: 155,6 kWh).",51.019999999999996,2026-08,2026-10-01 15:47:38.299476,Juliana Prado (visitante)
100,10.0,35.0,modalidade,"Pelo consumo previsto, a modalidade mensal sairia R$ 9,89 mais barata que a avulso no próximo mês.",9.89,2026-08,2026-10-01 15:47:38.299477,Juliana Prado (visitante)
101,,,operacional,"08/2026: 84 sessões faturadas, 1.629,1 kWh, receita de energia/ociosidade de R$ 1.205,81 + R$ 200,00 de planos.",1629.06,2026-08,2026-10-01 15:47:38.301261,
102,,,anomalia,"4 sessão(ões) aguardando revisão do gestor (70,5 kWh retidos da cobrança).",4.0,2026-08,2026-10-01 15:47:38.301264,
103,,,previsao,Demanda prevista para 09/2026: 1.447 kWh no condomínio. Horário mais disputado: 23h (39% dos carregadores ocupados em média).,1447.19,2026-08,2026-10-01 15:47:38.301264,
104,1.0,36.0,anomalia,"2 sessão(ões) sua(s) ficou(aram) em análise e não foi(ram) cobrada(s) nesta fatura (Isolation Forest: valor atípico de fração da bateria (z=2.3)). Se o gestor aprovar, o valor entra na próxima fatura como ajuste.",2.0,2026-09,2026-10-01 15:47:39.305372,Energy Innovation Lab (dados reais)
105,1.0,36.0,previsao,"Previsão para 10/2026: cerca de 144 kWh, fatura estimada em R$ 133,10.",133.1,2026-09,2026-10-01 15:47:39.305374,Energy Innovation Lab (dados reais)
106,1.0,36.0,sugestao_horario,"Em 09/2026, 38% da sua energia foi no horário de pico (17h–22h). Programando o início da recarga para 00h (agendamento do carregador), quando a ocupação média dos carregadores é de 33%, você economizaria cerca de R$ 26,04 por mês.",26.04,2026-09,2026-10-01 15:47:39.305375,Energy Innovation Lab (dados reais)
107,2.0,37.0,anomalia,"1 sessão(ões) sua(s) ficou(aram) em análise e não foi(ram) cobrada(s) nesta fatura (queda brusca de potência durante a carga). Se o gestor aprovar, o valor entra na próxima fatura como ajuste.",1.0,2026-09,2026-10-01 15:47:39.307254,Maria Oliveira
108,2.0,37.0,previsao,"Previsão para 10/2026: cerca de 319 kWh, fatura estimada em R$ 201,18.",201.18,2026-09,2026-10-01 15:47:39.307256,Maria Oliveira
109,2.0,37.0,economia,"99% da sua energia em 09/2026 foi no horário noturno. Comparado ao pico, isso representou uma economia de R$ 100,13.",100.13,2026-09,2026-10-01 15:47:39.307256,Maria Oliveira
110,2.0,37.0,comparativo,"Seu consumo de 252,3 kWh ficou 20% acima da média do seu grupo de uso (Uso intenso, noturno: 211,2 kWh).",252.35,2026-09,2026-10-01 15:47:39.307256,Maria Oliveira
111,3.0,38.0,anomalia,"1 sessão(ões) sua(s) ficou(aram) em análise e não foi(ram) cobrada(s) nesta fatura (energia fora do padrão do veículo (z=5.3, média 20.5 kWh)). Se o gestor aprovar, o valor entra na próxima fatura como ajuste.",1.0,2026-09,2026-10-01 15:47:39.309080,Carlos Oliveira
112,3.0,38.0,previsao,"Previsão para 10/2026: cerca de 153 kWh, fatura estimada em R$ 167,73.",167.73,2026-09,2026-10-01 15:47:39.309082,Carlos Oliveira
113,3.0,38.0,sugestao_horario,"Em 09/2026, 96% da sua energia foi no horário de pico (17h–22h). Programando o início da recarga para 00h (agendamento do carregador), quando a ocupação média dos carregadores é de 33%, você economizaria cerca de R$ 53,28 por mês.",53.28,2026-09,2026-10-01 15:47:39.309082,Carlos Oliveira
114,4.0,39.0,anomalia,"1 sessão(ões) sua(s) ficou(aram) em análise e não foi(ram) cobrada(s) nesta fatura (Isolation Forest: valor atípico de tempo ocioso (z=2.8)). Se o gestor aprovar, o valor entra na próxima fatura como ajuste.",1.0,2026-09,2026-10-01 15:47:39.310823,Ana Souza
115,4.0,39.0,previsao,"Previsão para 10/2026: cerca de 273 kWh, fatura estimada em R$ 198,22.",198.22,2026-09,2026-10-01 15:47:39.310825,Ana Souza
116,4.0,39.0,economia,"85% da sua energia em 09/2026 foi no horário noturno. Comparado ao pico, isso representou uma economia de R$ 57,71.",57.71,2026-09,2026-10-01 15:47:39.310825,Ana Souza
117,4.0,39.0,comparativo,"Seu consumo de 170,0 kWh ficou 20% abaixo da média do seu grupo de uso (Uso intenso, noturno: 211,2 kWh).",169.98,2026-09,2026-10-01 15:47:39.310826,Ana Souza
118,5.0,40.0,previsao,"Previsão para 10/2026: cerca de 53 kWh, fatura estimada em R$ 64,91.",64.91,2026-09,2026-10-01 15:47:39.312497,Rafael Lima
119,5.0,40.0,comparativo,"Seu consumo de 60,8 kWh ficou 26% abaixo da média do seu grupo de uso (Uso leve, diurno: 81,9 kWh).",60.82,2026-09,2026-10-01 15:47:39.312498,Rafael Lima
120,6.0,41.0,previsao,"Previsão para 10/2026: cerca de 146 kWh, fatura estimada em R$ 134,54.",134.54,2026-09,2026-10-01 15:47:39.314490,Beatriz Costa
121,6.0,41.0,comparativo,"Seu consumo de 174,4 kWh ficou 113% acima da média do seu grupo de uso (Uso leve, diurno: 81,9 kWh).",174.39999999999998,2026-09,2026-10-01 15:47:39.314492,Beatriz Costa
122,7.0,42.0,previsao,"Previsão para 10/2026: cerca de 111 kWh, fatura estimada em R$ 101,24.",101.24,2026-09,2026-10-01 15:47:39.316800,Fernando Rocha
123,7.0,42.0,sugestao_horario,"Em 09/2026, 31% da sua energia foi no horário de pico (17h–22h). Programando o início da recarga para 00h (agendamento do carregador), quando a ocupação média dos carregadores é de 33%, você economizaria cerca de R$ 25,68 por mês.",25.68,2026-09,2026-10-01 15:47:39.316802,Fernando Rocha
124,7.0,42.0,comparativo,"Seu consumo de 206,1 kWh ficou 54% acima da média do seu grupo de uso (Uso leve, concentrado no pico: 133,7 kWh).",206.05,2026-09,2026-10-01 15:47:39.316803,Fernando Rocha
125,8.0,43.0,previsao,"Previsão para 10/2026: cerca de 175 kWh, fatura estimada em R$ 157,62.",157.62,2026-09,2026-10-01 15:47:39.318846,Paulo Teixeira
126,8.0,43.0,sugestao_horario,"Em 09/2026, 47% da sua energia foi no horário de pico (17h–22h). Programando o início da recarga para 00h (agendamento do carregador), quando a ocupação média dos carregadores é de 33%, você economizaria cerca de R$ 30,84 por mês.",30.84,2026-09,2026-10-01 15:47:39.318848,Paulo Teixeira
127,8.0,43.0,comparativo,"Seu consumo de 164,9 kWh ficou 23% acima da média do seu grupo de uso (Uso leve, concentrado no pico: 133,7 kWh).",164.91000000000003,2026-09,2026-10-01 15:47:39.318848,Paulo Teixeira
128,9.0,44.0,previsao,"Previsão para 10/2026: cerca de 24 kWh, fatura estimada em R$ 27,99.",27.99,2026-09,2026-10-01 15:47:39.320416,Lucas Mendes (visitante)
129,9.0,44.0,comparativo,"Seu consumo de 10,4 kWh ficou 87% abaixo da média do seu grupo de uso (Uso leve, diurno: 81,9 kWh).",10.36,2026-09,2026-10-01 15:47:39.320417,Lucas Mendes (visitante)
130,10.0,45.0,previsao,"Previsão para 10/2026: cerca de 67 kWh, fatura estimada em R$ 86,82. Isso está 34% acima da sua média mensal.",86.82,2026-09,2026-10-01 15:47:39.322335,Juliana Prado (visitante)
131,10.0,45.0,sugestao_horario,"Em 09/2026, 100% da sua energia foi no horário de pico (17h–22h). Programando o início da recarga para 00h (agendamento do carregador), quando a ocupação média dos carregadores é de 33%, você economizaria cerca de R$ 11,95 por mês.",11.95,2026-09,2026-10-01 15:47:39.322336,Juliana Prado (visitante)
132,10.0,45.0,comparativo,"Seu consumo de 22,4 kWh ficou 83% abaixo da média do seu grupo de uso (Uso leve, concentrado no pico: 133,7 kWh).",22.369999999999997,2026-09,2026-10-01 15:47:39.322337,Juliana Prado (visitante)
133,,,operacional,"09/2026: 73 sessões faturadas, 1.336,4 kWh, receita de energia/ociosidade de R$ 974,50 + R$ 200,00 de planos.",1336.44,2026-09,2026-10-01 15:47:39.323666,
134,,,anomalia,"5 sessão(ões) aguardando revisão do gestor (88,6 kWh retidos da cobrança).",5.0,2026-09,2026-10-01 15:47:39.323667,
135,,,anomalia,3 sessão(ões) sem entrega de energia descartada(s) automaticamente.,3.0,2026-09,2026-10-01 15:47:39.323668,
136,,,previsao,Demanda prevista para 10/2026: 1.466 kWh no condomínio. Horário mais disputado: 23h (39% dos carregadores ocupados em média).,1465.71,2026-09,2026-10-01 15:47:39.323668,
