id,fatura_id,sessao_id,tarifa_id,tipo_item,tipo_horario_aplicado,energia_kwh,horas_ociosidade,valor_unitario,valor_total_item,ajuste_mes_anterior
1,1,1,1,energia,pico,3.723,0.0,0.95,3.54,0
2,1,1,3,energia,fora_pico,5.787,0.0,0.55,3.18,0
3,1,2,2,energia,intermediario,1.91,0.0,0.75,1.43,0
4,1,3,1,energia,pico,14.65,0.0,0.95,13.92,0
5,1,4,1,energia,pico,1.149,0.0,0.95,1.09,0
6,1,4,3,energia,fora_pico,4.101,0.0,0.55,2.26,0
7,1,5,1,energia,pico,4.609,0.0,0.95,4.38,0
8,1,5,3,energia,fora_pico,1.331,0.0,0.55,0.73,0
9,1,6,1,energia,pico,1.736,0.0,0.95,1.65,0
10,1,6,3,energia,fora_pico,3.923,0.0,0.55,2.16,0
11,1,7,1,energia,pico,2.287,0.0,0.95,2.17,0
12,1,7,3,energia,fora_pico,12.063,0.0,0.55,6.63,0
13,1,8,2,energia,intermediario,0.866,0.0,0.75,0.65,0
14,1,8,1,energia,pico,10.114,0.0,0.95,9.61,0
15,1,8,1,ociosidade,pico,0.0,0.817,2.0,1.63,0
16,1,9,1,energia,pico,4.343,0.0,0.95,4.13,0
17,1,9,3,energia,fora_pico,4.777,0.0,0.55,2.63,0
18,1,10,1,energia,pico,2.584,0.0,0.95,2.45,0
19,1,10,3,energia,fora_pico,4.946,0.0,0.55,2.72,0
20,1,11,2,energia,intermediario,2.69,0.0,0.75,2.02,0
21,1,12,2,energia,intermediario,10.17,0.0,0.75,7.63,0
22,1,12,2,ociosidade,intermediario,0.0,0.517,1.0,0.52,0
23,1,13,1,energia,pico,5.62,0.0,0.95,5.34,0
24,1,14,1,energia,pico,3.465,0.0,0.95,3.29,0
25,1,14,3,energia,fora_pico,1.895,0.0,0.55,1.04,0
26,1,15,1,energia,pico,7.501,0.0,0.95,7.13,0
27,1,15,3,energia,fora_pico,7.069,0.0,0.55,3.89,0
28,1,16,1,energia,pico,2.924,0.0,0.95,2.78,0
29,1,16,3,energia,fora_pico,3.326,0.0,0.55,1.83,0
30,1,17,1,energia,pico,3.434,0.0,0.95,3.26,0
31,1,17,3,energia,fora_pico,1.536,0.0,0.55,0.84,0
32,1,18,1,energia,pico,14.38,0.0,0.95,13.66,0
33,1,19,1,energia,pico,4.898,0.0,0.95,4.65,0
34,1,19,3,energia,fora_pico,0.072,0.0,0.55,0.04,0
35,1,20,1,energia,pico,3.761,0.0,0.95,3.57,0
36,1,20,3,energia,fora_pico,4.359,0.0,0.55,2.4,0
37,2,24,1,energia,pico,0.527,0.0,0.95,0.5,0
38,2,24,3,energia,fora_pico,25.843,0.0,0.55,14.21,0
39,2,28,1,energia,pico,0.527,0.0,0.95,0.5,0
40,2,28,3,energia,fora_pico,26.643,0.0,0.55,14.65,0
41,2,28,2,ociosidade,intermediario,0.0,0.267,1.0,0.27,0
42,2,32,3,energia,fora_pico,29.15,0.0,0.55,16.03,0
43,2,32,2,ociosidade,intermediario,0.0,0.15,1.0,0.15,0
44,2,35,3,energia,fora_pico,20.41,0.0,0.55,11.23,0
45,2,35,2,ociosidade,intermediario,0.0,0.167,1.0,0.17,0
46,2,36,3,energia,fora_pico,20.94,0.0,0.55,11.52,0
47,2,36,2,ociosidade,intermediario,0.0,0.183,1.0,0.18,0
48,2,49,3,energia,fora_pico,28.37,0.0,0.55,15.6,0
49,2,52,3,energia,fora_pico,21.4,0.0,0.55,11.77,0
50,2,52,2,ociosidade,intermediario,0.0,0.067,1.0,0.07,0
51,2,62,3,energia,fora_pico,27.16,0.0,0.55,14.94,0
52,2,67,3,energia,fora_pico,30.45,0.0,0.55,16.75,0
53,2,76,3,energia,fora_pico,19.53,0.0,0.55,10.74,0
54,3,22,1,energia,pico,15.5,0.0,0.95,14.72,0
55,3,31,1,energia,pico,21.258,0.0,0.95,20.2,0
56,3,31,3,energia,fora_pico,6.352,0.0,0.55,3.49,0
57,3,56,1,energia,pico,21.92,0.0,0.95,20.82,0
58,3,61,1,energia,pico,21.81,0.0,0.95,20.72,0
59,3,61,1,ociosidade,pico,0.0,0.233,2.0,0.47,0
60,3,64,1,energia,pico,18.18,0.0,0.95,17.27,0
61,3,64,1,ociosidade,pico,0.0,0.867,2.0,1.73,0
62,3,70,1,energia,pico,14.28,0.0,0.95,13.57,0
63,3,70,1,ociosidade,pico,0.0,0.283,2.0,0.57,0
64,3,71,1,energia,pico,21.559,0.0,0.95,20.48,0
65,3,71,3,energia,fora_pico,1.191,0.0,0.55,0.66,0
66,4,39,3,energia,fora_pico,18.61,0.0,0.55,10.24,0
67,4,41,1,energia,pico,14.309,0.0,0.95,13.59,0
68,4,41,3,energia,fora_pico,7.851,0.0,0.55,4.32,0
69,4,44,1,energia,pico,10.749,0.0,0.95,10.21,0
70,4,44,3,energia,fora_pico,1.331,0.0,0.55,0.73,0
71,4,55,3,energia,fora_pico,19.06,0.0,0.55,10.48,0
72,4,59,3,energia,fora_pico,20.05,0.0,0.55,11.03,0
73,4,66,3,energia,fora_pico,40.82,0.0,0.55,22.45,0
74,4,66,2,ociosidade,intermediario,0.0,0.383,1.0,0.38,0
75,5,23,2,energia,intermediario,13.08,0.0,0.75,9.81,0
76,5,37,2,energia,intermediario,15.3,0.0,0.75,11.48,0
77,5,37,2,ociosidade,intermediario,0.0,0.233,1.0,0.23,0
78,5,47,2,energia,intermediario,14.62,0.0,0.75,10.96,0
79,5,50,2,energia,intermediario,18.42,0.0,0.75,13.82,0
80,5,74,2,energia,intermediario,17.74,0.0,0.75,13.3,0
81,5,74,2,ociosidade,intermediario,0.0,1.517,1.0,1.52,0
82,6,33,2,energia,intermediario,20.13,0.0,0.75,15.1,0
83,6,33,2,ociosidade,intermediario,0.0,4.283,1.0,4.28,0
84,6,34,2,energia,intermediario,21.84,0.0,0.75,16.38,0
85,6,34,2,ociosidade,intermediario,0.0,1.733,1.0,1.73,0
86,6,40,2,energia,intermediario,26.03,0.0,0.75,19.52,0
87,6,40,2,ociosidade,intermediario,0.0,2.0,1.0,2.0,0
88,6,40,1,ociosidade,pico,0.0,2.717,2.0,5.43,0
89,6,42,2,energia,intermediario,16.09,0.0,0.75,12.07,0
90,6,42,2,ociosidade,intermediario,0.0,2.8,1.0,2.8,0
91,6,43,2,energia,intermediario,22.6,0.0,0.75,16.95,0
92,6,43,2,ociosidade,intermediario,0.0,2.4,1.0,2.4,0
93,6,45,2,energia,intermediario,19.52,0.0,0.75,14.64,0
94,6,45,2,ociosidade,intermediario,0.0,1.467,1.0,1.47,0
95,6,57,2,energia,intermediario,25.83,0.0,0.75,19.37,0
96,6,57,2,ociosidade,intermediario,0.0,0.95,1.0,0.95,0
97,6,63,2,energia,intermediario,15.9,0.0,0.75,11.93,0
98,6,65,2,energia,intermediario,25.35,0.0,0.75,19.01,0
99,6,65,2,ociosidade,intermediario,0.0,1.533,1.0,1.53,0
100,7,26,1,energia,pico,0.551,0.0,0.95,0.52,0
101,7,26,3,energia,fora_pico,20.939,0.0,0.55,11.52,0
102,7,27,1,energia,pico,9.394,0.0,0.95,8.92,0
103,7,27,3,energia,fora_pico,9.026,0.0,0.55,4.96,0
104,7,38,1,energia,pico,8.579,0.0,0.95,8.15,0
105,7,38,3,energia,fora_pico,4.971,0.0,0.55,2.73,0
106,7,48,1,energia,pico,14.466,0.0,0.95,13.74,0
107,7,48,3,energia,fora_pico,5.054,0.0,0.55,2.78,0
108,7,51,1,energia,pico,3.342,0.0,0.95,3.18,0
109,7,51,3,energia,fora_pico,11.888,0.0,0.55,6.54,0
110,7,54,1,energia,pico,7.507,0.0,0.95,7.13,0
111,7,54,3,energia,fora_pico,5.353,0.0,0.55,2.94,0
112,7,58,1,energia,pico,6.902,0.0,0.95,6.56,0
113,7,58,3,energia,fora_pico,13.048,0.0,0.55,7.18,0
114,7,72,1,energia,pico,7.383,0.0,0.95,7.01,0
115,7,72,3,energia,fora_pico,18.837,0.0,0.55,10.36,0
116,7,73,1,energia,pico,3.753,0.0,0.95,3.57,0
117,7,73,3,energia,fora_pico,18.437,0.0,0.55,10.14,0
118,7,75,1,energia,pico,1.084,0.0,0.95,1.03,0
119,7,75,3,energia,fora_pico,19.626,0.0,0.55,10.79,0
120,7,77,1,energia,pico,7.83,0.0,0.95,7.44,0
121,7,77,3,energia,fora_pico,8.26,0.0,0.55,4.54,0
122,8,21,1,energia,pico,12.75,0.0,1.35,17.21,0
123,8,25,1,energia,pico,19.06,0.0,1.35,25.73,0
124,8,25,1,ociosidade,pico,0.0,0.2,2.0,0.4,0
125,8,30,1,energia,pico,15.843,0.0,1.35,21.39,0
126,8,30,3,energia,fora_pico,0.157,0.0,0.95,0.15,0
127,8,53,1,energia,pico,11.74,0.0,1.35,15.85,0
128,8,68,1,energia,pico,11.318,0.0,1.35,15.28,0
129,8,68,3,energia,fora_pico,8.442,0.0,0.95,8.02,0
130,8,69,1,energia,pico,10.08,0.0,1.35,13.61,0
131,8,69,1,ociosidade,pico,0.0,0.233,2.0,0.47,0
132,9,78,1,energia,pico,9.838,0.0,0.95,9.35,0
133,9,78,3,energia,fora_pico,4.452,0.0,0.55,2.45,0
134,9,79,1,energia,pico,0.565,0.0,0.95,0.54,0
135,9,79,3,energia,fora_pico,5.034,0.0,0.55,2.77,0
136,9,80,1,energia,pico,3.18,0.0,0.95,3.02,0
137,9,80,3,energia,fora_pico,3.93,0.0,0.55,2.16,0
138,9,81,2,energia,intermediario,4.57,0.0,0.75,3.43,0
139,9,81,2,ociosidade,intermediario,0.0,0.9,1.0,0.9,0
140,9,82,2,energia,intermediario,0.849,0.0,0.75,0.64,0
141,9,82,1,energia,pico,8.761,0.0,0.95,8.32,0
142,9,82,1,ociosidade,pico,0.0,1.133,2.0,2.27,0
143,9,83,1,energia,pico,3.472,0.0,0.95,3.3,0
144,9,83,3,energia,fora_pico,7.768,0.0,0.55,4.27,0
145,9,84,1,energia,pico,2.024,0.0,0.95,1.92,0
146,9,84,3,energia,fora_pico,1.506,0.0,0.55,0.83,0
147,9,85,3,energia,fora_pico,2.34,0.0,0.55,1.29,0
148,9,86,1,energia,pico,1.446,0.0,0.95,1.37,0
149,9,86,3,energia,fora_pico,9.304,0.0,0.55,5.12,0
150,9,87,3,energia,fora_pico,5.71,0.0,0.55,3.14,0
151,9,89,1,energia,pico,3.778,0.0,0.95,3.59,0
152,9,89,3,energia,fora_pico,2.312,0.0,0.55,1.27,0
153,9,90,1,energia,pico,2.312,0.0,0.95,2.2,0
154,9,90,3,energia,fora_pico,12.288,0.0,0.55,6.76,0
155,9,91,1,energia,pico,8.99,0.0,0.95,8.54,0
156,9,91,3,energia,fora_pico,2.5,0.0,0.55,1.37,0
157,9,92,1,energia,pico,0.885,0.0,0.95,0.84,0
158,9,92,3,energia,fora_pico,7.015,0.0,0.55,3.86,0
159,9,93,1,energia,pico,3.182,0.0,0.95,3.02,0
160,9,93,3,energia,fora_pico,1.988,0.0,0.55,1.09,0
161,9,94,1,energia,pico,6.929,0.0,0.95,6.58,0
162,9,94,3,energia,fora_pico,3.771,0.0,0.55,2.07,0
163,9,95,1,energia,pico,3.737,0.0,0.95,3.55,0
164,9,95,3,energia,fora_pico,2.223,0.0,0.55,1.22,0
165,9,97,1,energia,pico,13.542,0.0,0.95,12.87,0
166,9,97,3,energia,fora_pico,1.098,0.0,0.55,0.6,0
167,10,98,3,energia,fora_pico,30.02,0.0,0.55,16.51,0
168,10,98,2,ociosidade,intermediario,0.0,0.183,1.0,0.18,0
169,10,102,3,energia,fora_pico,25.25,0.0,0.55,13.89,0
170,10,105,1,energia,pico,0.493,0.0,0.95,0.47,0
171,10,105,3,energia,fora_pico,21.277,0.0,0.55,11.7,0
172,10,105,2,ociosidade,intermediario,0.0,0.217,1.0,0.22,0
173,10,113,3,energia,fora_pico,20.45,0.0,0.55,11.25,0
174,10,113,2,ociosidade,intermediario,0.0,0.133,1.0,0.13,0
175,10,117,3,energia,fora_pico,21.74,0.0,0.55,11.96,0
176,10,120,3,energia,fora_pico,25.69,0.0,0.55,14.13,0
177,10,123,3,energia,fora_pico,22.91,0.0,0.55,12.6,0
178,10,123,2,ociosidade,intermediario,0.0,0.217,1.0,0.22,0
179,10,125,1,energia,pico,6.378,0.0,0.95,6.06,0
180,10,125,3,energia,fora_pico,22.552,0.0,0.55,12.4,0
181,10,129,3,energia,fora_pico,30.39,0.0,0.55,16.71,0
182,10,131,3,energia,fora_pico,20.46,0.0,0.55,11.25,0
183,10,135,3,energia,fora_pico,29.31,0.0,0.55,16.12,0
184,10,139,3,energia,fora_pico,30.67,0.0,0.55,16.87,0
185,10,139,2,ociosidade,intermediario,0.0,0.017,1.0,0.02,0
186,11,100,1,energia,pico,21.67,0.0,0.95,20.59,0
187,11,107,1,energia,pico,27.31,0.0,0.95,25.94,0
188,11,108,1,energia,pico,22.868,0.0,0.95,21.72,0
189,11,108,3,energia,fora_pico,4.402,0.0,0.55,2.42,0
190,11,114,1,energia,pico,18.05,0.0,0.95,17.15,0
191,11,114,1,ociosidade,pico,0.0,0.5,2.0,1.0,0
192,11,124,1,energia,pico,18.23,0.0,0.95,17.32,0
193,11,124,1,ociosidade,pico,0.0,0.483,2.0,0.97,0
194,11,126,1,energia,pico,19.63,0.0,0.95,18.65,0
195,11,126,1,ociosidade,pico,0.0,0.2,2.0,0.4,0
196,11,134,1,energia,pico,20.86,0.0,0.95,19.82,0
197,11,138,1,energia,pico,24.63,0.0,0.95,23.4,0
198,11,146,1,energia,pico,16.849,0.0,0.95,16.01,0
199,11,146,3,energia,fora_pico,0.391,0.0,0.55,0.22,0
200,12,103,1,energia,pico,14.374,0.0,0.95,13.66,0
201,12,103,3,energia,fora_pico,30.946,0.0,0.55,17.02,0
202,12,116,3,energia,fora_pico,39.46,0.0,0.55,21.7,0
203,12,119,3,energia,fora_pico,13.95,0.0,0.55,7.67,0
204,12,122,1,energia,pico,8.26,0.0,0.95,7.85,0
205,12,122,3,energia,fora_pico,35.56,0.0,0.55,19.56,0
206,12,128,1,energia,pico,8.365,0.0,0.95,7.95,0
207,12,128,3,energia,fora_pico,23.105,0.0,0.55,12.71,0
208,12,140,1,energia,pico,9.377,0.0,0.95,8.91,0
209,12,140,3,energia,fora_pico,7.093,0.0,0.55,3.9,0
210,12,141,3,energia,fora_pico,37.99,0.0,0.55,20.89,0
211,12,141,2,ociosidade,intermediario,0.0,2.45,1.0,2.45,0
212,12,143,1,energia,pico,15.151,0.0,0.95,14.39,0
213,12,143,3,energia,fora_pico,26.539,0.0,0.55,14.6,0
214,12,143,2,ociosidade,intermediario,0.0,0.217,1.0,0.22,0
215,13,104,2,energia,intermediario,14.67,0.0,0.75,11.0,0
216,13,104,2,ociosidade,intermediario,0.0,0.217,1.0,0.22,0
217,13,130,2,energia,intermediario,13.84,0.0,0.75,10.38,0
218,13,130,2,ociosidade,intermediario,0.0,0.083,1.0,0.08,0
219,14,99,2,energia,intermediario,24.62,0.0,0.75,18.46,0
220,14,99,2,ociosidade,intermediario,0.0,1.117,1.0,1.12,0
221,14,106,2,energia,intermediario,25.74,0.0,0.75,19.3,0
222,14,111,2,energia,intermediario,24.77,0.0,0.75,18.58,0
223,14,111,2,ociosidade,intermediario,0.0,0.467,1.0,0.47,0
224,14,121,2,energia,intermediario,21.74,0.0,0.75,16.3,0
225,14,121,2,ociosidade,intermediario,0.0,0.433,1.0,0.43,0
226,14,133,2,energia,intermediario,20.48,0.0,0.75,15.36,0
227,14,133,2,ociosidade,intermediario,0.0,4.117,1.0,4.12,0
228,14,133,1,ociosidade,pico,0.0,0.75,2.0,1.5,0
229,14,137,2,energia,intermediario,18.28,0.0,0.75,13.71,0
230,14,137,2,ociosidade,intermediario,0.0,1.0,1.0,1.0,0
231,14,144,2,energia,intermediario,26.31,0.0,0.75,19.73,0
232,14,145,2,energia,intermediario,19.42,0.0,0.75,14.57,0
233,14,145,2,ociosidade,intermediario,0.0,1.667,1.0,1.67,0
234,15,101,1,energia,pico,3.82,0.0,0.95,3.63,0
235,15,101,3,energia,fora_pico,13.4,0.0,0.55,7.37,0
236,15,109,1,energia,pico,3.714,0.0,0.95,3.53,0
237,15,109,3,energia,fora_pico,14.706,0.0,0.55,8.09,0
238,15,112,1,energia,pico,5.052,0.0,0.95,4.8,0
239,15,112,3,energia,fora_pico,8.248,0.0,0.55,4.54,0
240,15,115,1,energia,pico,11.764,0.0,0.95,11.18,0
241,15,115,3,energia,fora_pico,6.926,0.0,0.55,3.81,0
242,15,132,1,energia,pico,14.34,0.0,0.95,13.62,0
243,15,136,1,energia,pico,6.829,0.0,0.95,6.49,0
244,15,136,3,energia,fora_pico,13.021,0.0,0.55,7.16,0
245,15,142,1,energia,pico,14.823,0.0,0.95,14.08,0
246,15,142,3,energia,fora_pico,10.947,0.0,0.55,6.02,0
247,15,147,1,energia,pico,10.114,0.0,0.95,9.61,0
248,15,147,3,energia,fora_pico,6.306,0.0,0.55,3.47,0
249,16,118,1,energia,pico,10.18,0.0,1.35,13.74,0
250,16,127,1,energia,pico,18.5,0.0,1.35,24.98,0
251,16,127,1,ociosidade,pico,0.0,0.083,2.0,0.17,0
252,17,148,1,energia,pico,2.886,0.0,0.95,2.74,0
253,17,148,3,energia,fora_pico,11.854,0.0,0.55,6.52,0
254,17,149,1,energia,pico,6.88,0.0,0.95,6.54,0
255,17,149,3,energia,fora_pico,3.34,0.0,0.55,1.84,0
256,17,150,1,energia,pico,10.77,0.0,0.95,10.23,0
257,17,150,1,ociosidade,pico,0.0,0.2,2.0,0.4,0
258,17,151,1,energia,pico,3.151,0.0,0.95,2.99,0
259,17,151,3,energia,fora_pico,6.199,0.0,0.55,3.41,0
260,17,152,3,energia,fora_pico,5.4,0.0,0.55,2.97,0
261,17,153,2,energia,intermediario,4.062,0.0,0.75,3.05,0
262,17,153,1,energia,pico,10.658,0.0,0.95,10.13,0
263,17,153,1,ociosidade,pico,0.0,1.333,2.0,2.67,0
264,17,154,3,energia,fora_pico,6.4,0.0,0.55,3.52,0
265,17,155,1,energia,pico,8.656,0.0,0.95,8.22,0
266,17,155,3,energia,fora_pico,1.304,0.0,0.55,0.72,0
267,17,156,2,energia,intermediario,7.61,0.0,0.75,5.71,0
268,17,157,1,energia,pico,10.989,0.0,0.95,10.44,0
269,17,157,3,energia,fora_pico,3.311,0.0,0.55,1.82,0
270,17,158,1,energia,pico,4.41,0.0,0.95,4.19,0
271,17,158,1,ociosidade,pico,0.0,1.0,2.0,2.0,0
272,17,159,1,energia,pico,9.06,0.0,0.95,8.61,0
273,17,160,3,energia,fora_pico,8.25,0.0,0.55,4.54,0
274,17,161,1,energia,pico,2.312,0.0,0.95,2.2,0
275,17,161,3,energia,fora_pico,2.598,0.0,0.55,1.43,0
276,17,163,1,energia,pico,15.52,0.0,0.95,14.74,0
277,17,164,3,energia,fora_pico,9.55,0.0,0.55,5.25,0
278,18,165,3,energia,fora_pico,23.16,0.0,0.55,12.74,0
279,18,169,3,energia,fora_pico,17.23,0.0,0.55,9.48,0
280,18,172,3,energia,fora_pico,22.03,0.0,0.55,12.12,0
281,18,172,2,ociosidade,intermediario,0.0,0.433,1.0,0.43,0
282,18,177,3,energia,fora_pico,23.78,0.0,0.55,13.08,0
283,18,178,3,energia,fora_pico,19.08,0.0,0.55,10.49,0
284,18,182,3,energia,fora_pico,30.68,0.0,0.55,16.87,0
285,18,182,2,ociosidade,intermediario,0.0,0.117,1.0,0.12,0
286,18,184,3,energia,fora_pico,17.03,0.0,0.55,9.37,0
287,18,189,3,energia,fora_pico,20.41,0.0,0.55,11.23,0
288,18,189,2,ociosidade,intermediario,0.0,0.083,1.0,0.08,0
289,18,197,1,energia,pico,0.516,0.0,0.95,0.49,0
290,18,197,3,energia,fora_pico,20.704,0.0,0.55,11.39,0
291,18,201,3,energia,fora_pico,27.64,0.0,0.55,15.2,0
292,18,211,3,energia,fora_pico,21.46,0.0,0.55,11.8,0
293,19,167,1,energia,pico,14.31,0.0,0.95,13.59,0
294,19,167,1,ociosidade,pico,0.0,0.25,2.0,0.5,0
295,19,174,1,energia,pico,19.381,0.0,0.95,18.41,0
296,19,174,3,energia,fora_pico,2.179,0.0,0.55,1.2,0
297,19,179,1,energia,pico,18.41,0.0,0.95,17.49,0
298,19,185,1,energia,pico,18.762,0.0,0.95,17.82,0
299,19,185,3,energia,fora_pico,2.678,0.0,0.55,1.47,0
300,19,191,1,energia,pico,17.76,0.0,0.95,16.87,0
301,19,191,1,ociosidade,pico,0.0,0.283,2.0,0.57,0
302,19,193,1,energia,pico,18.58,0.0,0.95,17.65,0
303,19,203,1,energia,pico,16.38,0.0,0.95,15.56,0
304,19,203,1,ociosidade,pico,0.0,0.067,2.0,0.13,0
305,20,171,3,energia,fora_pico,18.55,0.0,0.55,10.2,0
306,20,175,3,energia,fora_pico,42.61,0.0,0.55,23.44,0
307,20,180,3,energia,fora_pico,45.81,0.0,0.55,25.2,0
308,20,188,1,energia,pico,11.891,0.0,0.95,11.3,0
309,20,188,3,energia,fora_pico,6.789,0.0,0.55,3.73,0
310,20,194,3,energia,fora_pico,15.84,0.0,0.55,8.71,0
311,20,199,1,energia,pico,10.01,0.0,0.95,9.51,0
312,20,199,3,energia,fora_pico,4.599,0.0,0.55,2.53,0
313,20,200,1,energia,pico,11.528,0.0,0.95,10.95,0
314,20,200,3,energia,fora_pico,8.992,0.0,0.55,4.95,0
315,20,206,1,energia,pico,6.368,0.0,0.95,6.05,0
316,20,206,3,energia,fora_pico,8.682,0.0,0.55,4.77,0
317,20,209,1,energia,pico,19.777,0.0,0.95,18.79,0
318,20,209,3,energia,fora_pico,6.183,0.0,0.55,3.4,0
319,20,210,1,energia,pico,12.673,0.0,0.95,12.04,0
320,20,210,3,energia,fora_pico,4.577,0.0,0.55,2.52,0
321,21,181,2,energia,intermediario,15.64,0.0,0.75,11.73,0
322,21,181,2,ociosidade,intermediario,0.0,0.2,1.0,0.2,0
323,21,183,2,energia,intermediario,17.82,0.0,0.75,13.37,0
324,21,195,2,energia,intermediario,15.78,0.0,0.75,11.83,0
325,21,205,2,energia,intermediario,14.35,0.0,0.75,10.76,0
326,21,205,2,ociosidade,intermediario,0.0,1.483,1.0,1.48,0
327,22,166,2,energia,intermediario,25.46,0.0,0.75,19.1,0
328,22,166,2,ociosidade,intermediario,0.0,0.833,1.0,0.83,0
329,22,168,2,energia,intermediario,17.36,0.0,0.75,13.02,0
330,22,168,2,ociosidade,intermediario,0.0,0.583,1.0,0.58,0
331,22,173,2,energia,intermediario,23.44,0.0,0.75,17.58,0
332,22,173,2,ociosidade,intermediario,0.0,1.967,1.0,1.97,0
333,22,176,2,energia,intermediario,17.29,0.0,0.75,12.97,0
334,22,176,2,ociosidade,intermediario,0.0,1.45,1.0,1.45,0
335,22,187,2,energia,intermediario,19.53,0.0,0.75,14.65,0
336,22,187,2,ociosidade,intermediario,0.0,2.2,1.0,2.2,0
337,22,187,1,ociosidade,pico,0.0,2.083,2.0,4.17,0
338,22,190,2,energia,intermediario,25.18,0.0,0.75,18.88,0
339,22,190,2,ociosidade,intermediario,0.0,4.383,1.0,4.38,0
340,22,190,1,ociosidade,pico,0.0,0.417,2.0,0.83,0
341,22,192,2,energia,intermediario,25.83,0.0,0.75,19.37,0
342,22,192,2,ociosidade,intermediario,0.0,2.833,1.0,2.83,0
343,22,192,1,ociosidade,pico,0.0,1.35,2.0,2.7,0
344,22,198,2,energia,intermediario,25.39,0.0,0.75,19.04,0
345,22,202,2,energia,intermediario,26.3,0.0,0.75,19.73,0
346,22,202,2,ociosidade,intermediario,0.0,0.133,1.0,0.13,0
347,22,207,2,energia,intermediario,17.38,0.0,0.75,13.04,0
348,22,207,2,ociosidade,intermediario,0.0,0.433,1.0,0.43,0
349,22,212,2,energia,intermediario,22.94,0.0,0.75,17.2,0
350,24,186,2,energia,intermediario,6.74,0.0,1.15,7.75,0
351,25,170,1,energia,pico,17.693,0.0,1.35,23.89,0
352,25,170,3,energia,fora_pico,1.297,0.0,0.95,1.23,0
353,25,196,1,energia,pico,19.13,0.0,1.35,25.83,0
354,25,204,1,energia,pico,10.0,0.0,1.35,13.5,0
355,25,204,1,ociosidade,pico,0.0,0.183,2.0,0.37,0
356,25,208,3,energia,fora_pico,11.21,0.0,0.95,10.65,0
357,26,213,1,energia,pico,2.877,0.0,0.95,2.73,0
358,26,213,3,energia,fora_pico,9.723,0.0,0.55,5.35,0
359,26,214,2,energia,intermediario,1.442,0.0,0.75,1.08,0
360,26,214,1,energia,pico,4.588,0.0,0.95,4.36,0
361,26,214,1,ociosidade,pico,0.0,1.283,2.0,2.57,0
362,26,215,1,energia,pico,2.911,0.0,0.95,2.77,0
363,26,215,3,energia,fora_pico,4.249,0.0,0.55,2.34,0
364,26,216,1,energia,pico,2.883,0.0,0.95,2.74,0
365,26,216,3,energia,fora_pico,7.527,0.0,0.55,4.14,0
366,26,217,1,energia,pico,1.455,0.0,0.95,1.38,0
367,26,217,3,energia,fora_pico,7.245,0.0,0.55,3.98,0
368,26,218,1,energia,pico,2.318,0.0,0.95,2.2,0
369,26,218,3,energia,fora_pico,7.462,0.0,0.55,4.1,0
370,26,219,1,energia,pico,2.285,0.0,0.95,2.17,0
371,26,219,3,energia,fora_pico,6.425,0.0,0.55,3.53,0
372,26,220,1,energia,pico,2.58,0.0,0.95,2.45,0
373,26,220,3,energia,fora_pico,7.2,0.0,0.55,3.96,0
374,26,221,1,energia,pico,1.995,0.0,0.95,1.9,0
375,26,221,3,energia,fora_pico,2.695,0.0,0.55,1.48,0
376,26,223,1,energia,pico,2.623,0.0,0.95,2.49,0
377,26,223,3,energia,fora_pico,5.127,0.0,0.55,2.82,0
378,26,224,1,energia,pico,0.857,0.0,0.95,0.81,0
379,26,224,3,energia,fora_pico,4.723,0.0,0.55,2.6,0
380,26,225,1,energia,pico,2.876,0.0,0.95,2.73,0
381,26,225,3,energia,fora_pico,9.894,0.0,0.55,5.44,0
382,26,226,1,energia,pico,7.08,0.0,0.95,6.73,0
383,26,227,1,energia,pico,2.609,0.0,0.95,2.48,0
384,26,227,3,energia,fora_pico,9.711,0.0,0.55,5.34,0
385,26,228,1,energia,pico,3.773,0.0,0.95,3.58,0
386,26,228,3,energia,fora_pico,5.027,0.0,0.55,2.76,0
387,26,229,1,energia,pico,9.45,0.0,0.95,8.98,0
388,26,229,1,ociosidade,pico,0.0,0.517,2.0,1.03,0
389,27,233,3,energia,fora_pico,23.92,0.0,0.55,13.16,0
390,27,243,3,energia,fora_pico,23.37,0.0,0.55,12.85,0
391,27,243,2,ociosidade,intermediario,0.0,0.367,1.0,0.37,0
392,27,246,3,energia,fora_pico,18.97,0.0,0.55,10.43,0
393,27,249,3,energia,fora_pico,17.71,0.0,0.55,9.74,0
394,27,258,3,energia,fora_pico,17.56,0.0,0.55,9.66,0
395,27,261,3,energia,fora_pico,29.62,0.0,0.55,16.29,0
396,27,271,3,energia,fora_pico,27.6,0.0,0.55,15.18,0
397,27,275,3,energia,fora_pico,24.81,0.0,0.55,13.65,0
398,27,277,3,energia,fora_pico,24.1,0.0,0.55,13.26,0
399,27,280,3,energia,fora_pico,19.73,0.0,0.55,10.85,0
400,27,280,2,ociosidade,intermediario,0.0,0.333,1.0,0.33,0
401,27,283,3,energia,fora_pico,29.99,0.0,0.55,16.49,0
402,27,288,3,energia,fora_pico,18.22,0.0,0.55,10.02,0
403,27,290,3,energia,fora_pico,21.78,0.0,0.55,11.98,0
404,27,290,2,ociosidade,intermediario,0.0,0.033,1.0,0.03,0
405,27,296,3,energia,fora_pico,18.75,0.0,0.55,10.31,0
406,27,296,2,ociosidade,intermediario,0.0,0.1,1.0,0.1,0
407,27,297,3,energia,fora_pico,29.04,0.0,0.55,15.97,0
408,27,300,3,energia,fora_pico,17.64,0.0,0.55,9.7,0
409,27,300,2,ociosidade,intermediario,0.0,0.433,1.0,0.43,0
410,28,232,1,energia,pico,20.344,0.0,0.95,19.33,0
411,28,232,3,energia,fora_pico,5.266,0.0,0.55,2.9,0
412,28,244,1,energia,pico,16.56,0.0,0.95,15.73,0
413,28,247,1,energia,pico,22.54,0.0,0.95,21.41,0
414,28,252,1,energia,pico,14.95,0.0,0.95,14.2,0
415,28,252,1,ociosidade,pico,0.0,0.133,2.0,0.27,0
416,28,256,1,energia,pico,20.19,0.0,0.95,19.18,0
417,28,264,1,energia,pico,20.576,0.0,0.95,19.55,0
418,28,264,3,energia,fora_pico,5.104,0.0,0.55,2.81,0
419,28,267,1,energia,pico,25.63,0.0,0.95,24.35,0
420,28,273,1,energia,pico,15.83,0.0,0.95,15.04,0
421,28,284,1,energia,pico,16.26,0.0,0.95,15.45,0
422,28,286,1,energia,pico,19.962,0.0,0.95,18.96,0
423,28,286,3,energia,fora_pico,5.238,0.0,0.55,2.88,0
424,28,291,1,energia,pico,23.96,0.0,0.95,22.76,0
425,29,234,1,energia,pico,21.439,0.0,0.95,20.37,0
426,29,234,3,energia,fora_pico,25.091,0.0,0.55,13.8,0
427,29,235,1,energia,pico,12.527,0.0,0.95,11.9,0
428,29,235,3,energia,fora_pico,23.403,0.0,0.55,12.87,0
429,29,241,3,energia,fora_pico,30.18,0.0,0.55,16.6,0
430,29,250,3,energia,fora_pico,31.36,0.0,0.55,17.25,0
431,29,250,2,ociosidade,intermediario,0.0,0.683,1.0,0.68,0
432,29,257,3,energia,fora_pico,16.89,0.0,0.55,9.29,0
433,29,268,1,energia,pico,14.482,0.0,0.95,13.76,0
434,29,268,3,energia,fora_pico,14.208,0.0,0.55,7.81,0
435,29,270,3,energia,fora_pico,15.71,0.0,0.55,8.64,0
436,29,287,3,energia,fora_pico,21.19,0.0,0.55,11.65,0
437,29,298,3,energia,fora_pico,44.68,0.0,0.55,24.57,0
438,29,298,2,ociosidade,intermediario,0.0,0.417,1.0,0.42,0
439,30,230,2,energia,intermediario,11.29,0.0,0.75,8.47,0
440,30,242,2,energia,intermediario,14.11,0.0,0.75,10.58,0
441,30,259,2,energia,intermediario,10.97,0.0,0.75,8.23,0
442,30,259,2,ociosidade,intermediario,0.0,0.233,1.0,0.23,0
443,30,299,2,energia,intermediario,17.03,0.0,0.75,12.77,0
444,31,236,2,energia,intermediario,26.78,0.0,0.75,20.09,0
445,31,236,2,ociosidade,intermediario,0.0,2.083,1.0,2.08,0
446,31,236,1,ociosidade,pico,0.0,1.183,2.0,2.37,0
447,31,239,2,energia,intermediario,25.48,0.0,0.75,19.11,0
448,31,251,2,energia,intermediario,26.0,0.0,0.75,19.5,0
449,31,265,2,energia,intermediario,20.48,0.0,0.75,15.36,0
450,31,265,2,ociosidade,intermediario,0.0,5.017,1.0,5.02,0
451,31,293,2,energia,intermediario,19.92,0.0,0.75,14.94,0
452,31,293,2,ociosidade,intermediario,0.0,4.217,1.0,4.22,0
453,31,293,1,ociosidade,pico,0.0,1.533,2.0,3.07,0
454,32,231,1,energia,pico,6.258,0.0,0.95,5.95,0
455,32,231,3,energia,fora_pico,20.022,0.0,0.55,11.01,0
456,32,237,1,energia,pico,3.292,0.0,0.95,3.13,0
457,32,237,3,energia,fora_pico,22.378,0.0,0.55,12.31,0
458,32,245,1,energia,pico,7.05,0.0,0.95,6.7,0
459,32,245,3,energia,fora_pico,16.68,0.0,0.55,9.17,0
460,32,263,3,energia,fora_pico,24.24,0.0,0.55,13.33,0
461,32,276,1,energia,pico,6.829,0.0,0.95,6.49,0
462,32,276,3,energia,fora_pico,15.811,0.0,0.55,8.7,0
463,32,301,1,energia,pico,12.834,0.0,0.95,12.19,0
464,32,301,3,energia,fora_pico,5.306,0.0,0.55,2.92,0
465,33,238,1,energia,pico,7.139,0.0,0.95,6.78,0
466,33,238,3,energia,fora_pico,20.471,0.0,0.55,11.26,0
467,33,240,1,energia,pico,3.537,0.0,0.95,3.36,0
468,33,240,3,energia,fora_pico,11.893,0.0,0.55,6.54,0
469,33,248,1,energia,pico,16.19,0.0,0.95,15.38,0
470,33,253,1,energia,pico,15.645,0.0,0.95,14.86,0
471,33,253,3,energia,fora_pico,1.705,0.0,0.55,0.94,0
472,33,266,1,energia,pico,10.956,0.0,0.95,10.41,0
473,33,266,3,energia,fora_pico,6.584,0.0,0.55,3.62,0
474,33,274,1,energia,pico,8.895,0.0,0.95,8.45,0
475,33,274,3,energia,fora_pico,11.915,0.0,0.55,6.55,0
476,33,279,1,energia,pico,4.116,0.0,0.95,3.91,0
477,33,279,3,energia,fora_pico,22.824,0.0,0.55,12.55,0
478,33,282,1,energia,pico,13.371,0.0,0.95,12.7,0
479,33,282,3,energia,fora_pico,10.859,0.0,0.55,5.97,0
480,33,285,1,energia,pico,22.011,0.0,0.95,20.91,0
481,33,285,3,energia,fora_pico,6.369,0.0,0.55,3.5,0
482,33,294,1,energia,pico,14.968,0.0,0.95,14.22,0
483,33,294,3,energia,fora_pico,2.652,0.0,0.55,1.46,0
484,34,262,2,energia,intermediario,7.53,0.0,1.15,8.66,0
485,34,278,2,energia,intermediario,12.6,0.0,1.15,14.49,0
486,34,281,2,energia,intermediario,10.34,0.0,1.15,11.89,0
487,34,289,2,energia,intermediario,9.171,0.0,1.15,10.55,0
488,34,289,1,energia,pico,5.549,0.0,1.35,7.49,0
489,35,254,1,energia,pico,9.345,0.0,1.35,12.62,0
490,35,254,3,energia,fora_pico,5.585,0.0,0.95,5.31,0
491,35,269,1,energia,pico,15.882,0.0,1.35,21.44,0
492,35,269,3,energia,fora_pico,0.298,0.0,0.95,0.28,0
493,35,295,1,energia,pico,11.508,0.0,1.35,15.54,0
494,35,295,3,energia,fora_pico,8.402,0.0,0.95,7.98,0
495,36,302,1,energia,pico,2.309,0.0,0.95,2.19,0
496,36,302,3,energia,fora_pico,7.991,0.0,0.55,4.39,0
497,36,303,3,energia,fora_pico,9.53,0.0,0.55,5.24,0
498,36,304,3,energia,fora_pico,4.84,0.0,0.55,2.66,0
499,36,305,1,energia,pico,5.168,0.0,0.95,4.91,0
500,36,305,3,energia,fora_pico,9.312,0.0,0.55,5.12,0
501,36,307,1,energia,pico,2.329,0.0,0.95,2.21,0
502,36,307,3,energia,fora_pico,11.451,0.0,0.55,6.3,0
503,36,309,1,energia,pico,8.4,0.0,0.95,7.98,0
504,36,310,2,energia,intermediario,5.73,0.0,0.75,4.3,0
505,36,310,2,ociosidade,intermediario,0.0,0.933,1.0,0.93,0
506,36,312,1,energia,pico,4.306,0.0,0.95,4.09,0
507,36,312,3,energia,fora_pico,4.854,0.0,0.55,2.67,0
508,36,313,1,energia,pico,4.345,0.0,0.95,4.13,0
509,36,313,3,energia,fora_pico,1.595,0.0,0.55,0.88,0
510,36,314,1,energia,pico,3.466,0.0,0.95,3.29,0
511,36,314,3,energia,fora_pico,6.854,0.0,0.55,3.77,0
512,36,315,1,energia,pico,5.204,0.0,0.95,4.94,0
513,36,315,3,energia,fora_pico,3.406,0.0,0.55,1.87,0
514,36,316,1,energia,pico,1.446,0.0,0.95,1.37,0
515,36,316,3,energia,fora_pico,4.574,0.0,0.55,2.52,0
516,36,319,1,energia,pico,3.174,0.0,0.95,3.01,0
517,36,319,3,energia,fora_pico,1.446,0.0,0.55,0.8,0
518,36,320,1,energia,pico,9.47,0.0,0.95,9.0,0
519,36,320,1,ociosidade,pico,0.0,0.6,2.0,1.2,0
520,36,321,3,energia,fora_pico,7.17,0.0,0.55,3.94,0
521,36,322,1,energia,pico,1.171,0.0,0.95,1.11,0
522,36,322,3,energia,fora_pico,6.239,0.0,0.55,3.43,0
523,36,323,1,energia,pico,4.044,0.0,0.95,3.84,0
524,36,323,3,energia,fora_pico,6.596,0.0,0.55,3.63,0
525,36,324,1,energia,pico,3.441,0.0,0.95,3.27,0
526,36,324,3,energia,fora_pico,2.469,0.0,0.55,1.36,0
527,37,327,3,energia,fora_pico,27.61,0.0,0.55,15.19,0
528,37,327,2,ociosidade,intermediario,0.0,0.05,1.0,0.05,0
529,37,329,1,energia,pico,0.481,0.0,0.95,0.46,0
530,37,329,3,energia,fora_pico,17.209,0.0,0.55,9.46,0
531,37,334,3,energia,fora_pico,29.28,0.0,0.55,16.1,0
532,37,334,2,ociosidade,intermediario,0.0,0.2,1.0,0.2,0
533,37,336,3,energia,fora_pico,17.58,0.0,0.55,9.67,0
534,37,336,2,ociosidade,intermediario,0.0,0.267,1.0,0.27,0
535,37,357,3,energia,fora_pico,20.89,0.0,0.55,11.49,0
536,37,368,3,energia,fora_pico,28.78,0.0,0.55,15.83,0
537,37,369,3,energia,fora_pico,29.86,0.0,0.55,16.42,0
538,37,369,2,ociosidade,intermediario,0.0,0.583,1.0,0.58,0
539,37,374,1,energia,pico,1.556,0.0,0.95,1.48,0
540,37,374,3,energia,fora_pico,20.094,0.0,0.55,11.05,0
541,37,376,3,energia,fora_pico,30.25,0.0,0.55,16.64,0
542,37,379,3,energia,fora_pico,28.76,0.0,0.55,15.82,0
543,37,379,2,ociosidade,intermediario,0.0,0.5,1.0,0.5,0
544,38,335,1,energia,pico,17.6,0.0,0.95,16.72,0
545,38,335,1,ociosidade,pico,0.0,0.183,2.0,0.37,0
546,38,340,1,energia,pico,20.504,0.0,0.95,19.48,0
547,38,340,3,energia,fora_pico,4.266,0.0,0.55,2.35,0
548,38,341,1,energia,pico,25.623,0.0,0.95,24.34,0
549,38,341,3,energia,fora_pico,0.727,0.0,0.55,0.4,0
550,38,351,1,energia,pico,22.09,0.0,0.95,20.99,0
551,38,371,1,energia,pico,18.65,0.0,0.95,17.72,0
552,38,380,1,energia,pico,13.41,0.0,0.95,12.74,0
553,38,380,1,ociosidade,pico,0.0,1.3,2.0,2.6,0
554,39,330,3,energia,fora_pico,31.68,0.0,0.55,17.42,0
555,39,330,2,ociosidade,intermediario,0.0,2.05,1.0,2.05,0
556,39,338,3,energia,fora_pico,16.24,0.0,0.55,8.93,0
557,39,348,3,energia,fora_pico,22.35,0.0,0.55,12.29,0
558,39,349,1,energia,pico,12.863,0.0,0.95,12.22,0
559,39,349,3,energia,fora_pico,28.797,0.0,0.55,15.84,0
560,39,353,3,energia,fora_pico,21.33,0.0,0.55,11.73,0
561,39,359,1,energia,pico,12.854,0.0,0.95,12.21,0
562,39,359,3,energia,fora_pico,2.746,0.0,0.55,1.51,0
563,39,373,3,energia,fora_pico,21.12,0.0,0.55,11.62,0
564,40,332,2,energia,intermediario,13.8,0.0,0.75,10.35,0
565,40,332,2,ociosidade,intermediario,0.0,0.683,1.0,0.68,0
566,40,345,2,energia,intermediario,15.28,0.0,0.75,11.46,0
567,40,345,2,ociosidade,intermediario,0.0,0.45,1.0,0.45,0
568,40,358,2,energia,intermediario,18.71,0.0,0.75,14.03,0
569,40,358,2,ociosidade,intermediario,0.0,0.617,1.0,0.62,0
570,40,377,2,energia,intermediario,13.03,0.0,0.75,9.77,0
571,40,377,2,ociosidade,intermediario,0.0,0.85,1.0,0.85,0
572,41,328,2,energia,intermediario,23.99,0.0,0.75,17.99,0
573,41,328,2,ociosidade,intermediario,0.0,0.8,1.0,0.8,0
574,41,339,2,energia,intermediario,24.88,0.0,0.75,18.66,0
575,41,339,2,ociosidade,intermediario,0.0,1.817,1.0,1.82,0
576,41,339,1,ociosidade,pico,0.0,3.583,2.0,7.17,0
577,41,350,2,energia,intermediario,19.7,0.0,0.75,14.77,0
578,41,356,2,energia,intermediario,25.95,0.0,0.75,19.46,0
579,41,356,2,ociosidade,intermediario,0.0,2.367,1.0,2.37,0
580,41,356,1,ociosidade,pico,0.0,0.733,2.0,1.47,0
581,41,361,2,energia,intermediario,23.34,0.0,0.75,17.5,0
582,41,361,2,ociosidade,intermediario,0.0,0.117,1.0,0.12,0
583,41,363,2,energia,intermediario,16.64,0.0,0.75,12.48,0
584,41,367,2,energia,intermediario,18.52,0.0,0.75,13.89,0
585,41,367,2,ociosidade,intermediario,0.0,2.617,1.0,2.62,0
586,41,370,2,energia,intermediario,21.38,0.0,0.75,16.04,0
587,41,370,2,ociosidade,intermediario,0.0,0.167,1.0,0.17,0
588,42,326,1,energia,pico,4.974,0.0,0.95,4.73,0
589,42,326,3,energia,fora_pico,15.196,0.0,0.55,8.36,0
590,42,344,1,energia,pico,6.12,0.0,0.95,5.81,0
591,42,344,3,energia,fora_pico,18.95,0.0,0.55,10.42,0
592,42,347,1,energia,pico,3.636,0.0,0.95,3.45,0
593,42,347,3,energia,fora_pico,22.774,0.0,0.55,12.53,0
594,42,352,1,energia,pico,1.065,0.0,0.95,1.01,0
595,42,352,3,energia,fora_pico,17.015,0.0,0.55,9.36,0
596,42,360,1,energia,pico,12.255,0.0,0.95,11.64,0
597,42,360,3,energia,fora_pico,8.965,0.0,0.55,4.93,0
598,42,362,1,energia,pico,7.044,0.0,0.95,6.69,0
599,42,362,3,energia,fora_pico,16.586,0.0,0.55,9.12,0
600,42,364,1,energia,pico,11.909,0.0,0.95,11.31,0
601,42,364,3,energia,fora_pico,12.611,0.0,0.55,6.94,0
602,42,378,1,energia,pico,8.296,0.0,0.95,7.88,0
603,42,378,3,energia,fora_pico,14.354,0.0,0.55,7.89,0
604,42,382,1,energia,pico,8.894,0.0,0.95,8.45,0
605,42,382,3,energia,fora_pico,15.406,0.0,0.55,8.47,0
606,43,325,1,energia,pico,2.631,0.0,0.95,2.5,0
607,43,325,3,energia,fora_pico,22.819,0.0,0.55,12.55,0
608,43,333,1,energia,pico,17.948,0.0,0.95,17.05,0
609,43,333,3,energia,fora_pico,4.572,0.0,0.55,2.51,0
610,43,346,1,energia,pico,22.81,0.0,0.95,21.67,0
611,43,346,3,energia,fora_pico,0.31,0.0,0.55,0.17,0
612,43,355,1,energia,pico,8.134,0.0,0.95,7.73,0
613,43,355,3,energia,fora_pico,17.917,0.0,0.55,9.85,0
614,43,372,1,energia,pico,6.766,0.0,0.95,6.43,0
615,43,372,3,energia,fora_pico,18.734,0.0,0.55,10.3,0
616,43,375,1,energia,pico,7.438,0.0,0.95,7.07,0
617,43,375,3,energia,fora_pico,13.282,0.0,0.55,7.31,0
618,43,381,1,energia,pico,11.372,0.0,0.95,10.8,0
619,43,381,3,energia,fora_pico,10.178,0.0,0.55,5.6,0
620,44,366,2,energia,intermediario,10.36,0.0,1.15,11.91,0
621,45,331,1,energia,pico,9.59,0.0,1.35,12.95,0
622,45,331,1,ociosidade,pico,0.0,0.617,2.0,1.23,0
623,45,342,1,energia,pico,3.03,0.0,1.35,4.09,0
624,45,343,1,energia,pico,9.75,0.0,1.35,13.16,0
