id,usuario_id,veiculo_id,carregador_id,inicio,fim,energia_kwh,duracao_minutos,potencia_media_kw,potencia_maxima_kw,ociosidade_min,autonomia_km,status,encerramento,origem,mes_competencia,score_anomalia,motivo_revisao,faturada,usuario
1,1,1,1,2026-04-30 20:56:00.000000,2026-05-01 01:12:00.000000,9.51,257,2.22,3.56,86,47.5,validada,normal,real,2026-05,0.1904,,1,Energy Innovation Lab (dados reais)
2,1,1,1,2026-05-01 10:01:00.000000,2026-05-01 10:39:00.000000,1.91,38,3.016,3.54,3,9.5,validada,normal,real,2026-05,0.0022,,1,Energy Innovation Lab (dados reais)
3,1,1,1,2026-05-03 17:24:00.000000,2026-05-03 23:29:00.000000,14.65,365,2.408,3.57,110,73.2,validada,normal,real,2026-05,0.202,,1,Energy Innovation Lab (dados reais)
4,1,1,1,2026-05-04 21:40:00.000000,2026-05-05 00:50:00.000000,5.25,191,1.649,3.57,95,26.2,validada,normal,real,2026-05,0.1541,,1,Energy Innovation Lab (dados reais)
5,1,1,1,2026-05-05 20:39:00.000000,2026-05-06 00:10:00.000000,5.94,212,1.681,3.56,106,29.7,validada,normal,real,2026-05,0.1606,,1,Energy Innovation Lab (dados reais)
6,1,1,1,2026-05-06 21:28:00.000000,2026-05-07 01:00:00.000000,5.66,212,1.602,3.57,112,28.3,validada,normal,real,2026-05,0.1289,,1,Energy Innovation Lab (dados reais)
7,1,1,1,2026-05-08 21:21:00.000000,2026-05-09 04:03:00.000000,14.35,403,2.136,3.57,152,71.8,validada,normal,real,2026-05,0.1588,,1,Energy Innovation Lab (dados reais)
8,1,1,1,2026-05-10 16:46:00.000000,2026-05-10 21:20:00.000000,10.98,274,2.404,3.57,79,54.9,validada,normal,real,2026-05,0.1726,,1,Energy Innovation Lab (dados reais)
9,1,1,1,2026-05-12 20:44:00.000000,2026-05-13 00:51:00.000000,9.12,247,2.215,3.57,87,45.6,validada,normal,real,2026-05,0.1926,,1,Energy Innovation Lab (dados reais)
10,1,1,1,2026-05-13 21:13:00.000000,2026-05-14 00:49:00.000000,7.53,217,2.082,3.56,81,37.6,validada,normal,real,2026-05,0.1867,,1,Energy Innovation Lab (dados reais)
11,1,1,1,2026-05-16 08:37:00.000000,2026-05-16 09:33:00.000000,2.69,56,2.882,3.55,6,13.4,validada,normal,real,2026-05,0.0304,,1,Energy Innovation Lab (dados reais)
12,1,1,1,2026-05-16 12:18:00.000000,2026-05-16 16:19:00.000000,10.17,242,2.521,3.56,61,50.9,validada,normal,real,2026-05,0.1702,,1,Energy Innovation Lab (dados reais)
13,1,1,1,2026-05-17 19:51:00.000000,2026-05-17 23:02:00.000000,5.62,192,1.756,3.57,91,28.1,validada,normal,real,2026-05,0.1829,,1,Energy Innovation Lab (dados reais)
14,1,1,1,2026-05-18 21:02:00.000000,2026-05-19 00:03:00.000000,5.36,181,1.777,3.55,86,26.8,validada,normal,real,2026-05,0.1738,,1,Energy Innovation Lab (dados reais)
15,1,1,1,2026-05-20 19:48:00.000000,2026-05-21 01:46:00.000000,14.57,359,2.435,3.56,103,72.8,validada,normal,real,2026-05,0.2073,,1,Energy Innovation Lab (dados reais)
16,1,1,1,2026-05-21 21:10:00.000000,2026-05-22 00:28:00.000000,6.25,198,1.894,3.57,88,31.2,validada,normal,real,2026-05,0.1792,,1,Energy Innovation Lab (dados reais)
17,1,1,1,2026-05-22 20:59:00.000000,2026-05-22 23:53:00.000000,4.97,174,1.714,3.55,84,24.8,validada,normal,real,2026-05,0.1733,,1,Energy Innovation Lab (dados reais)
18,1,1,1,2026-05-24 17:27:00.000000,2026-05-24 23:17:00.000000,14.38,351,2.458,3.57,100,71.9,validada,normal,real,2026-05,0.203,,1,Energy Innovation Lab (dados reais)
19,1,1,1,2026-05-25 20:36:00.000000,2026-05-25 23:30:00.000000,4.97,175,1.704,3.56,84,24.8,validada,normal,real,2026-05,0.1745,,1,Energy Innovation Lab (dados reais)
20,1,1,1,2026-05-27 20:55:00.000000,2026-05-28 00:41:00.000000,8.12,227,2.146,3.57,86,40.6,validada,normal,real,2026-05,0.1962,,1,Energy Innovation Lab (dados reais)
21,10,11,2,2026-05-01 18:19:00.000000,2026-05-01 20:44:00.000000,12.75,145,5.276,6.19,15,63.8,validada,normal,simulada,2026-05,0.182,,1,Juliana Prado (visitante)
22,3,3,4,2026-05-01 18:42:00.000000,2026-05-01 21:28:00.000000,15.5,166,5.602,6.85,26,77.5,validada,normal,simulada,2026-05,0.1909,,1,Carlos Oliveira
23,5,6,4,2026-05-02 10:13:00.000000,2026-05-02 12:47:00.000000,13.08,154,5.096,6.44,19,65.4,validada,normal,simulada,2026-05,0.1859,,1,Rafael Lima
24,2,2,2,2026-05-02 21:53:00.000000,2026-05-03 06:50:00.000000,26.37,537,2.946,6.44,277,131.8,validada,normal,simulada,2026-05,0.1326,,1,Maria Oliveira
25,10,11,2,2026-05-03 18:13:00.000000,2026-05-03 22:16:00.000000,19.06,243,4.706,6.4,58,95.3,validada,normal,simulada,2026-05,0.2149,,1,Juliana Prado (visitante)
26,7,8,3,2026-05-03 21:55:00.000000,2026-05-04 01:31:00.000000,21.49,216,5.969,6.86,21,107.4,validada,normal,simulada,2026-05,0.1717,,1,Fernando Rocha
27,7,8,3,2026-05-04 20:28:00.000000,2026-05-04 23:43:00.000000,18.42,195,5.668,6.44,15,92.1,validada,normal,simulada,2026-05,0.2068,,1,Fernando Rocha
28,2,2,4,2026-05-04 21:56:00.000000,2026-05-05 07:16:00.000000,27.17,560,2.911,6.33,290,135.9,validada,normal,simulada,2026-05,0.1173,,1,Maria Oliveira
29,6,7,3,2026-05-05 08:42:00.000000,2026-05-05 18:19:00.000000,16.11,577,1.675,6.12,412,80.5,em_revisao,normal,simulada,2026-05,-0.0022,Isolation Forest: valor atípico de tempo ocioso (z=3.0),0,Beatriz Costa
30,10,11,3,2026-05-05 19:21:00.000000,2026-05-05 22:32:00.000000,16.0,191,5.026,6.12,26,80.0,validada,normal,simulada,2026-05,0.2163,,1,Juliana Prado (visitante)
31,3,3,2,2026-05-05 18:43:00.000000,2026-05-06 01:06:00.000000,27.61,383,4.325,6.74,128,138.1,validada,normal,simulada,2026-05,0.1712,,1,Carlos Oliveira
32,2,2,3,2026-05-05 22:49:00.000000,2026-05-06 07:09:00.000000,29.15,500,3.498,6.09,200,145.8,validada,normal,simulada,2026-05,0.1479,,1,Maria Oliveira
33,6,7,3,2026-05-06 08:42:00.000000,2026-05-06 16:54:00.000000,20.13,492,2.455,6.28,287,100.6,validada,normal,simulada,2026-05,0.1533,,1,Beatriz Costa
34,6,7,4,2026-05-07 10:53:00.000000,2026-05-07 16:42:00.000000,21.84,349,3.755,6.37,134,109.2,validada,normal,simulada,2026-05,0.1951,,1,Beatriz Costa
35,2,2,3,2026-05-07 22:56:00.000000,2026-05-08 07:10:00.000000,20.41,494,2.479,6.17,284,102.0,validada,normal,simulada,2026-05,0.1652,,1,Maria Oliveira
36,2,2,2,2026-05-08 23:16:00.000000,2026-05-09 07:11:00.000000,20.94,475,2.645,6.27,265,104.7,validada,normal,simulada,2026-05,0.1778,,1,Maria Oliveira
37,5,6,3,2026-05-09 10:01:00.000000,2026-05-09 13:20:00.000000,15.3,199,4.613,6.56,44,76.5,validada,normal,simulada,2026-05,0.175,,1,Rafael Lima
38,7,8,4,2026-05-09 20:42:00.000000,2026-05-09 23:49:00.000000,13.55,187,4.348,6.62,57,67.8,validada,normal,simulada,2026-05,0.1898,,1,Fernando Rocha
39,4,4,3,2026-05-09 22:47:00.000000,2026-05-10 03:15:00.000000,18.61,268,4.166,6.41,83,93.0,validada,normal,simulada,2026-05,0.1891,,1,Ana Souza
40,6,7,4,2026-05-11 10:15:00.000000,2026-05-11 19:43:00.000000,26.03,568,2.75,6.36,313,130.2,validada,normal,simulada,2026-05,0.0767,,1,Beatriz Costa
41,4,4,3,2026-05-11 19:38:00.000000,2026-05-12 00:04:00.000000,22.16,266,4.998,6.29,46,110.8,validada,normal,simulada,2026-05,0.172,,1,Ana Souza
42,6,7,2,2026-05-12 08:35:00.000000,2026-05-12 14:33:00.000000,16.09,358,2.697,6.42,198,80.5,validada,normal,simulada,2026-05,0.1767,,1,Beatriz Costa
43,6,7,3,2026-05-13 09:42:00.000000,2026-05-13 16:26:00.000000,22.6,404,3.356,6.23,174,113.0,validada,normal,simulada,2026-05,0.1886,,1,Beatriz Costa
44,4,4,3,2026-05-13 20:17:00.000000,2026-05-13 23:12:00.000000,12.08,175,4.142,6.3,55,60.4,validada,normal,simulada,2026-05,0.1923,,1,Ana Souza
45,6,7,3,2026-05-14 09:17:00.000000,2026-05-14 14:35:00.000000,19.52,318,3.683,6.19,118,97.6,validada,normal,simulada,2026-05,0.1967,,1,Beatriz Costa
46,6,7,4,2026-05-15 09:45:00.000000,2026-05-16 01:51:00.000000,25.0,966,1.553,6.39,721,125.0,em_revisao,normal,simulada,2026-05,,sessão longa: 16.1 h (limite 12 h),0,Beatriz Costa
47,5,6,2,2026-05-16 11:39:00.000000,2026-05-16 14:18:00.000000,14.62,159,5.517,6.61,14,73.1,validada,normal,simulada,2026-05,0.1639,,1,Rafael Lima
48,7,8,3,2026-05-16 19:45:00.000000,2026-05-16 23:07:00.000000,19.52,202,5.798,6.61,17,97.6,validada,normal,simulada,2026-05,0.1947,,1,Fernando Rocha
49,2,2,4,2026-05-16 22:44:00.000000,2026-05-17 06:48:00.000000,28.37,484,3.517,6.5,209,141.8,validada,normal,simulada,2026-05,0.1539,,1,Maria Oliveira
50,5,6,3,2026-05-17 09:48:00.000000,2026-05-17 12:47:00.000000,18.42,179,6.174,6.89,4,92.1,validada,normal,simulada,2026-05,0.0387,,1,Rafael Lima
51,7,8,4,2026-05-17 21:32:00.000000,2026-05-17 23:59:00.000000,15.23,147,6.216,6.86,7,76.2,validada,normal,simulada,2026-05,0.1299,,1,Fernando Rocha
52,2,2,2,2026-05-17 23:39:00.000000,2026-05-18 07:04:00.000000,21.4,445,2.885,6.07,225,107.0,validada,normal,simulada,2026-05,0.1824,,1,Maria Oliveira
53,10,11,4,2026-05-18 17:16:00.000000,2026-05-18 19:20:00.000000,11.74,124,5.681,6.42,9,58.7,validada,normal,simulada,2026-05,0.146,,1,Juliana Prado (visitante)
54,7,8,4,2026-05-18 20:50:00.000000,2026-05-18 23:04:00.000000,12.86,134,5.758,6.61,14,64.3,validada,normal,simulada,2026-05,0.1567,,1,Fernando Rocha
55,4,4,2,2026-05-18 22:47:00.000000,2026-05-19 02:17:00.000000,19.06,210,5.446,6.3,20,95.3,validada,normal,simulada,2026-05,0.1904,,1,Ana Souza
56,3,3,3,2026-05-18 18:03:00.000000,2026-05-19 02:26:00.000000,21.92,503,2.615,6.46,293,109.6,validada,normal,simulada,2026-05,0.1654,,1,Carlos Oliveira
57,6,7,3,2026-05-19 08:19:00.000000,2026-05-19 13:56:00.000000,25.83,337,4.599,6.51,87,129.1,validada,normal,simulada,2026-05,0.1674,,1,Beatriz Costa
58,7,8,3,2026-05-19 20:56:00.000000,2026-05-20 03:07:00.000000,19.95,371,3.226,6.56,181,99.8,validada,normal,simulada,2026-05,0.1874,,1,Fernando Rocha
59,4,4,2,2026-05-19 23:11:00.000000,2026-05-20 05:41:00.000000,20.05,390,3.085,6.17,185,100.2,validada,normal,simulada,2026-05,0.18,,1,Ana Souza
60,6,7,3,2026-05-20 09:54:00.000000,2026-05-20 20:00:00.000000,18.69,606,1.85,6.36,421,93.5,em_revisao,normal,simulada,2026-05,-0.0061,Isolation Forest: valor atípico de tempo ocioso (z=3.1),0,Beatriz Costa
61,3,3,2,2026-05-20 17:41:00.000000,2026-05-20 21:55:00.000000,21.81,254,5.152,6.44,44,109.0,validada,normal,simulada,2026-05,0.2004,,1,Carlos Oliveira
62,2,2,4,2026-05-20 23:16:00.000000,2026-05-21 06:37:00.000000,27.16,441,3.695,6.31,171,135.8,validada,normal,simulada,2026-05,0.1689,,1,Maria Oliveira
63,6,7,2,2026-05-21 08:39:00.000000,2026-05-21 11:52:00.000000,15.9,193,4.943,6.16,28,79.5,validada,normal,simulada,2026-05,0.2087,,1,Beatriz Costa
64,3,3,3,2026-05-21 17:48:00.000000,2026-05-22 00:44:00.000000,18.18,416,2.622,6.74,246,90.9,validada,normal,simulada,2026-05,0.1608,,1,Carlos Oliveira
65,6,7,4,2026-05-22 10:13:00.000000,2026-05-22 16:30:00.000000,25.35,377,4.034,6.24,122,126.8,validada,normal,simulada,2026-05,0.1812,,1,Beatriz Costa
66,4,5,2,2026-05-23 23:15:00.000000,2026-05-24 07:23:00.000000,40.82,488,5.019,6.77,113,204.1,validada,normal,simulada,2026-05,0.0986,,1,Ana Souza
67,2,2,4,2026-05-24 22:13:00.000000,2026-05-25 06:24:00.000000,30.45,491,3.721,6.35,191,152.2,validada,normal,simulada,2026-05,0.1191,,1,Maria Oliveira
68,10,11,4,2026-05-26 20:03:00.000000,2026-05-27 00:16:00.000000,19.76,253,4.686,6.08,48,98.8,validada,normal,simulada,2026-05,0.2125,,1,Juliana Prado (visitante)
69,10,11,2,2026-05-27 17:45:00.000000,2026-05-27 20:14:00.000000,10.08,149,4.059,6.13,44,50.4,validada,normal,simulada,2026-05,0.1468,,1,Juliana Prado (visitante)
70,3,3,4,2026-05-27 18:27:00.000000,2026-05-27 21:29:00.000000,14.28,182,4.708,6.57,47,71.4,validada,normal,simulada,2026-05,0.191,,1,Carlos Oliveira
71,3,3,3,2026-05-28 18:43:00.000000,2026-05-29 00:49:00.000000,22.75,366,3.73,6.84,156,113.8,validada,normal,simulada,2026-05,0.1952,,1,Carlos Oliveira
72,7,8,2,2026-05-28 20:49:00.000000,2026-05-29 02:07:00.000000,26.22,318,4.947,6.5,68,131.1,validada,normal,simulada,2026-05,0.1694,,1,Fernando Rocha
73,7,8,4,2026-05-29 21:26:00.000000,2026-05-30 01:53:00.000000,22.19,267,4.987,6.63,57,111.0,validada,normal,simulada,2026-05,0.2161,,1,Fernando Rocha
74,5,6,4,2026-05-30 09:21:00.000000,2026-05-30 14:12:00.000000,17.74,291,3.658,6.79,121,88.7,validada,normal,simulada,2026-05,0.1174,,1,Rafael Lima
75,7,8,2,2026-05-30 21:51:00.000000,2026-05-31 01:57:00.000000,20.71,246,5.051,6.84,56,103.6,validada,normal,simulada,2026-05,0.2077,,1,Fernando Rocha
76,2,2,4,2026-05-30 23:30:00.000000,2026-05-31 06:39:00.000000,19.53,429,2.731,6.5,239,97.7,validada,normal,simulada,2026-05,0.1863,,1,Maria Oliveira
77,7,8,2,2026-05-31 20:45:00.000000,2026-05-31 23:36:00.000000,16.09,171,5.646,6.45,16,80.5,validada,normal,simulada,2026-05,0.2049,,1,Fernando Rocha
78,1,1,1,2026-05-31 19:10:00.000000,2026-06-01 00:59:00.000000,14.29,349,2.457,3.56,99,71.4,validada,normal,real,2026-06,0.1658,,1,Energy Innovation Lab (dados reais)
79,1,1,1,2026-06-01 21:48:00.000000,2026-06-02 00:49:00.000000,5.6,181,1.856,3.56,81,28.0,validada,normal,real,2026-06,0.1422,,1,Energy Innovation Lab (dados reais)
80,1,1,1,2026-06-03 21:05:00.000000,2026-06-04 00:32:00.000000,7.11,208,2.051,3.57,82,35.6,validada,normal,real,2026-06,0.1573,,1,Energy Innovation Lab (dados reais)
81,1,1,1,2026-06-05 10:27:00.000000,2026-06-05 13:11:00.000000,4.57,164,1.672,3.57,84,22.9,validada,normal,real,2026-06,0.1345,,1,Energy Innovation Lab (dados reais)
82,1,1,1,2026-06-07 16:47:00.000000,2026-06-07 21:15:00.000000,9.61,268,2.151,3.56,98,48.0,validada,normal,real,2026-06,0.1459,,1,Energy Innovation Lab (dados reais)
83,1,1,1,2026-06-09 21:00:00.000000,2026-06-10 01:48:00.000000,11.24,288,2.342,3.57,93,56.2,validada,normal,real,2026-06,0.1518,,1,Energy Innovation Lab (dados reais)
84,1,1,1,2026-06-10 21:23:00.000000,2026-06-10 22:33:00.000000,3.53,71,2.983,3.56,5,17.6,validada,normal,real,2026-06,0.014,,1,Energy Innovation Lab (dados reais)
85,1,1,1,2026-06-10 22:37:00.000000,2026-06-11 00:31:00.000000,2.34,114,1.232,3.57,69,11.7,validada,normal,real,2026-06,0.0611,,1,Energy Innovation Lab (dados reais)
86,1,1,1,2026-06-12 21:33:00.000000,2026-06-13 02:13:00.000000,10.75,280,2.304,3.57,90,53.8,validada,normal,real,2026-06,0.1516,,1,Energy Innovation Lab (dados reais)
87,1,1,1,2026-06-13 23:12:00.000000,2026-06-14 02:20:00.000000,5.71,189,1.813,3.57,88,28.6,validada,normal,real,2026-06,0.1606,,1,Energy Innovation Lab (dados reais)
88,1,1,1,2026-06-14 20:11:00.000000,2026-06-14 20:47:00.000000,0.0,37,0.0,0.0,36,0.0,descartada,normal,real,2026-06,,sessão sem entrega de energia (conexão sem carga ou falha de partida),0,Energy Innovation Lab (dados reais)
89,1,1,1,2026-06-15 20:56:00.000000,2026-06-16 00:05:00.000000,6.09,189,1.933,3.57,84,30.4,validada,normal,real,2026-06,0.1571,,1,Energy Innovation Lab (dados reais)
90,1,1,1,2026-06-17 21:20:00.000000,2026-06-18 03:14:00.000000,14.6,354,2.475,3.57,99,73.0,validada,normal,real,2026-06,0.1697,,1,Energy Innovation Lab (dados reais)
91,1,1,1,2026-06-19 19:27:00.000000,2026-06-20 00:22:00.000000,11.49,295,2.337,3.56,95,57.5,validada,normal,real,2026-06,0.1522,,1,Energy Innovation Lab (dados reais)
92,1,1,1,2026-06-21 21:46:00.000000,2026-06-22 01:31:00.000000,7.9,225,2.107,3.57,85,39.5,validada,normal,real,2026-06,0.1592,,1,Energy Innovation Lab (dados reais)
93,1,1,1,2026-06-22 21:07:00.000000,2026-06-23 00:15:00.000000,5.17,188,1.65,3.56,98,25.9,validada,normal,real,2026-06,0.127,,1,Energy Innovation Lab (dados reais)
94,1,1,1,2026-06-24 20:01:00.000000,2026-06-25 00:44:00.000000,10.7,283,2.269,3.56,93,53.5,validada,normal,real,2026-06,0.1495,,1,Energy Innovation Lab (dados reais)
95,1,1,1,2026-06-25 20:53:00.000000,2026-06-25 23:58:00.000000,5.96,186,1.923,3.56,80,29.8,validada,normal,real,2026-06,0.1486,,1,Energy Innovation Lab (dados reais)
96,1,1,1,2026-06-29 08:03:00.000000,2026-06-29 08:21:00.000000,0.75,19,2.368,3.56,3,3.8,em_revisao,normal,real,2026-06,-0.0147,Isolation Forest: valor atípico de fração da bateria (z=2.4),0,Energy Innovation Lab (dados reais)
97,1,1,1,2026-06-29 18:05:00.000000,2026-06-30 00:04:00.000000,14.64,359,2.447,3.57,104,73.2,validada,normal,real,2026-06,0.1736,,1,Energy Innovation Lab (dados reais)
98,2,2,3,2026-05-31 22:47:00.000000,2026-06-01 07:11:00.000000,30.02,504,3.574,6.45,209,150.1,validada,normal,simulada,2026-06,0.082,,1,Maria Oliveira
99,6,7,4,2026-06-01 09:37:00.000000,2026-06-01 15:19:00.000000,24.62,342,4.319,6.36,97,123.1,validada,normal,simulada,2026-06,0.1436,,1,Beatriz Costa
100,3,3,2,2026-06-01 17:39:00.000000,2026-06-01 21:25:00.000000,21.67,226,5.753,6.73,26,108.4,validada,normal,simulada,2026-06,0.1554,,1,Carlos Oliveira
101,7,8,4,2026-06-01 21:25:00.000000,2026-06-02 00:24:00.000000,17.22,179,5.772,6.69,19,86.1,validada,normal,simulada,2026-06,0.1701,,1,Fernando Rocha
102,2,2,2,2026-06-02 22:20:00.000000,2026-06-03 06:27:00.000000,25.25,487,3.111,6.46,242,126.2,validada,normal,simulada,2026-06,0.109,,1,Maria Oliveira
103,4,5,2,2026-06-03 19:43:00.000000,2026-06-04 04:50:00.000000,45.32,547,4.971,6.6,117,226.6,validada,normal,simulada,2026-06,0.0458,,1,Ana Souza
104,5,6,3,2026-06-06 08:55:00.000000,2026-06-06 12:08:00.000000,14.67,193,4.561,6.52,43,73.3,validada,normal,simulada,2026-06,0.1606,,1,Rafael Lima
105,2,2,4,2026-06-06 21:56:00.000000,2026-06-07 07:13:00.000000,21.77,557,2.345,6.06,332,108.8,validada,normal,simulada,2026-06,0.0338,,1,Maria Oliveira
106,6,7,2,2026-06-08 09:30:00.000000,2026-06-08 14:09:00.000000,25.74,279,5.535,6.23,19,128.7,validada,normal,simulada,2026-06,0.1201,,1,Beatriz Costa
107,3,3,3,2026-06-08 17:41:00.000000,2026-06-09 00:10:00.000000,27.31,389,4.212,6.88,144,136.5,validada,normal,simulada,2026-06,0.1416,,1,Carlos Oliveira
108,3,3,4,2026-06-09 18:33:00.000000,2026-06-10 00:01:00.000000,27.27,328,4.988,6.88,83,136.3,validada,normal,simulada,2026-06,0.1314,,1,Carlos Oliveira
109,7,8,2,2026-06-09 21:26:00.000000,2026-06-10 01:24:00.000000,18.42,238,4.644,6.5,58,92.1,validada,normal,simulada,2026-06,0.1798,,1,Fernando Rocha
110,6,7,2,2026-06-10 09:40:00.000000,2026-06-10 14:13:00.000000,58.0,273,12.747,6.26,48,290.0,em_revisao,normal,simulada,2026-06,,"energia (58.0 kWh) maior que a bateria do veículo (44.9 kWh); medidor informou 58.0 kWh, telemetria somou 22.2 kWh",0,Beatriz Costa
111,6,7,4,2026-06-10 09:25:00.000000,2026-06-10 14:33:00.000000,24.77,308,4.825,6.27,58,123.8,validada,normal,simulada,2026-06,0.1555,,1,Beatriz Costa
112,7,8,2,2026-06-10 21:13:00.000000,2026-06-11 00:11:00.000000,13.3,178,4.483,6.91,58,66.5,validada,normal,simulada,2026-06,0.1585,,1,Fernando Rocha
113,2,2,4,2026-06-10 22:47:00.000000,2026-06-11 07:08:00.000000,20.45,501,2.449,6.43,301,102.2,validada,normal,simulada,2026-06,0.0917,,1,Maria Oliveira
114,3,3,3,2026-06-11 18:01:00.000000,2026-06-11 21:46:00.000000,18.05,225,4.813,6.83,60,90.2,validada,normal,simulada,2026-06,0.1741,,1,Carlos Oliveira
115,7,8,2,2026-06-11 20:14:00.000000,2026-06-11 23:35:00.000000,18.69,201,5.579,6.91,31,93.5,validada,normal,simulada,2026-06,0.1697,,1,Fernando Rocha
116,4,5,4,2026-06-11 22:41:00.000000,2026-06-12 06:29:00.000000,39.46,468,5.059,6.89,108,197.3,validada,normal,simulada,2026-06,0.0773,,1,Ana Souza
117,2,2,4,2026-06-13 22:27:00.000000,2026-06-14 06:52:00.000000,21.74,505,2.583,6.43,290,108.7,validada,normal,simulada,2026-06,0.1119,,1,Maria Oliveira
118,10,11,3,2026-06-14 18:17:00.000000,2026-06-14 20:21:00.000000,10.18,124,4.926,6.34,24,50.9,validada,normal,simulada,2026-06,0.098,,1,Juliana Prado (visitante)
119,4,4,4,2026-06-14 23:36:00.000000,2026-06-15 02:14:00.000000,13.95,158,5.297,6.27,18,69.8,validada,normal,simulada,2026-06,0.1754,,1,Ana Souza
120,2,2,3,2026-06-14 22:43:00.000000,2026-06-15 07:00:00.000000,25.69,497,3.101,6.42,247,128.5,validada,normal,simulada,2026-06,0.1035,,1,Maria Oliveira
121,6,7,2,2026-06-15 10:34:00.000000,2026-06-15 15:05:00.000000,21.74,271,4.813,6.42,56,108.7,validada,normal,simulada,2026-06,0.1825,,1,Beatriz Costa
122,4,5,2,2026-06-15 20:43:00.000000,2026-06-16 04:41:00.000000,43.82,478,5.5,6.79,73,219.1,validada,normal,simulada,2026-06,0.0578,,1,Ana Souza
123,2,2,3,2026-06-15 22:43:00.000000,2026-06-16 07:13:00.000000,22.91,510,2.695,6.35,285,114.5,validada,normal,simulada,2026-06,0.1089,,1,Maria Oliveira
124,3,3,3,2026-06-16 17:30:00.000000,2026-06-16 21:19:00.000000,18.23,229,4.776,6.6,59,91.2,validada,normal,simulada,2026-06,0.1751,,1,Carlos Oliveira
125,2,2,4,2026-06-16 20:55:00.000000,2026-06-17 06:13:00.000000,28.93,558,3.111,6.09,258,144.7,validada,normal,simulada,2026-06,0.0605,,1,Maria Oliveira
126,3,3,3,2026-06-19 17:50:00.000000,2026-06-19 21:32:00.000000,19.63,222,5.305,6.8,42,98.1,validada,normal,simulada,2026-06,0.1651,,1,Carlos Oliveira
127,10,11,3,2026-06-20 17:51:00.000000,2026-06-20 21:26:00.000000,18.5,215,5.163,6.47,35,92.5,validada,normal,simulada,2026-06,0.1762,,1,Juliana Prado (visitante)
128,4,5,2,2026-06-20 20:42:00.000000,2026-06-21 04:04:00.000000,31.47,442,4.272,6.46,132,157.3,validada,normal,simulada,2026-06,0.0948,,1,Ana Souza
129,2,2,3,2026-06-20 22:27:00.000000,2026-06-21 06:28:00.000000,30.39,481,3.791,6.42,186,151.9,validada,normal,simulada,2026-06,0.0886,,1,Maria Oliveira
130,5,6,4,2026-06-21 08:30:00.000000,2026-06-21 11:20:00.000000,13.84,170,4.885,6.79,35,69.2,validada,normal,simulada,2026-06,0.1665,,1,Rafael Lima
131,2,2,2,2026-06-21 22:27:00.000000,2026-06-22 06:28:00.000000,20.46,481,2.552,6.44,281,102.3,validada,normal,simulada,2026-06,0.1282,,1,Maria Oliveira
132,7,8,3,2026-06-22 19:46:00.000000,2026-06-22 22:08:00.000000,14.34,142,6.059,6.85,12,71.7,validada,normal,simulada,2026-06,0.1216,,1,Fernando Rocha
133,6,7,4,2026-06-23 08:58:00.000000,2026-06-23 17:45:00.000000,20.48,527,2.332,6.35,322,102.4,validada,normal,simulada,2026-06,0.0473,,1,Beatriz Costa
134,3,3,4,2026-06-23 18:20:00.000000,2026-06-23 21:35:00.000000,20.86,195,6.418,6.62,0,104.3,validada,interrompida,simulada,2026-06,0.0959,,1,Carlos Oliveira
135,2,2,3,2026-06-23 22:54:00.000000,2026-06-24 06:40:00.000000,29.31,466,3.774,6.15,166,146.5,validada,normal,simulada,2026-06,0.105,,1,Maria Oliveira
136,7,8,3,2026-06-24 20:55:00.000000,2026-06-25 01:07:00.000000,19.85,252,4.726,6.52,62,99.2,validada,normal,simulada,2026-06,0.1821,,1,Fernando Rocha
137,6,7,4,2026-06-25 10:55:00.000000,2026-06-25 15:30:00.000000,18.28,275,3.988,6.23,90,91.4,validada,normal,simulada,2026-06,0.1672,,1,Beatriz Costa
138,3,3,4,2026-06-25 18:06:00.000000,2026-06-25 23:10:00.000000,24.63,304,4.861,6.85,79,123.1,validada,normal,simulada,2026-06,0.1517,,1,Carlos Oliveira
139,2,2,3,2026-06-25 22:10:00.000000,2026-06-26 07:01:00.000000,30.67,531,3.466,6.23,221,153.4,validada,normal,simulada,2026-06,0.0527,,1,Maria Oliveira
140,4,4,3,2026-06-26 20:29:00.000000,2026-06-26 23:57:00.000000,16.47,208,4.751,6.46,48,82.3,validada,normal,simulada,2026-06,0.1896,,1,Ana Souza
141,4,5,2,2026-06-27 23:41:00.000000,2026-06-28 09:27:00.000000,37.99,586,3.89,6.46,216,190.0,validada,normal,simulada,2026-06,0.0572,,1,Ana Souza
142,7,8,4,2026-06-28 19:47:00.000000,2026-06-29 02:01:00.000000,25.77,374,4.134,6.73,134,128.8,validada,normal,simulada,2026-06,0.1502,,1,Fernando Rocha
143,4,5,2,2026-06-28 19:41:00.000000,2026-06-29 07:13:00.000000,41.69,692,3.615,6.68,302,208.4,validada,normal,simulada,2026-06,0.0441,,1,Ana Souza
144,6,7,2,2026-06-29 10:12:00.000000,2026-06-29 14:47:00.000000,26.31,275,5.74,6.42,15,131.5,validada,normal,simulada,2026-06,0.1102,,1,Beatriz Costa
145,6,7,3,2026-06-30 09:36:00.000000,2026-06-30 15:11:00.000000,19.42,335,3.478,6.04,130,97.1,validada,normal,simulada,2026-06,0.1629,,1,Beatriz Costa
146,3,3,4,2026-06-30 19:26:00.000000,2026-06-30 22:38:00.000000,17.24,192,5.387,6.71,32,86.2,validada,normal,simulada,2026-06,0.1715,,1,Carlos Oliveira
147,7,8,2,2026-06-30 20:23:00.000000,2026-06-30 23:24:00.000000,16.42,181,5.443,6.53,26,82.1,validada,normal,simulada,2026-06,0.1713,,1,Fernando Rocha
148,1,1,1,2026-07-02 21:08:00.000000,2026-07-03 03:05:00.000000,14.74,357,2.477,3.56,97,73.7,validada,normal,real,2026-07,0.1908,,1,Energy Innovation Lab (dados reais)
149,1,1,1,2026-07-03 19:58:00.000000,2026-07-04 00:29:00.000000,10.22,272,2.254,3.55,91,51.1,validada,normal,real,2026-07,0.1746,,1,Energy Innovation Lab (dados reais)
150,1,1,1,2026-07-05 18:08:00.000000,2026-07-05 22:47:00.000000,10.77,280,2.308,3.55,89,53.8,validada,normal,real,2026-07,0.1747,,1,Energy Innovation Lab (dados reais)
151,1,1,1,2026-07-07 21:05:00.000000,2026-07-08 01:17:00.000000,9.35,252,2.226,3.55,87,46.8,validada,normal,real,2026-07,0.17,,1,Energy Innovation Lab (dados reais)
152,1,1,1,2026-07-08 22:12:00.000000,2026-07-09 01:17:00.000000,5.4,185,1.751,3.53,90,27.0,validada,normal,real,2026-07,0.1671,,1,Energy Innovation Lab (dados reais)
153,1,1,1,2026-07-12 15:48:00.000000,2026-07-12 21:53:00.000000,14.72,366,2.413,3.56,110,73.6,validada,normal,real,2026-07,0.1802,,1,Energy Innovation Lab (dados reais)
154,1,1,1,2026-07-13 22:49:00.000000,2026-07-14 02:01:00.000000,6.4,192,2.0,3.57,77,32.0,validada,normal,real,2026-07,0.1603,,1,Energy Innovation Lab (dados reais)
155,1,1,1,2026-07-15 19:30:00.000000,2026-07-15 23:57:00.000000,9.96,268,2.23,3.57,92,49.8,validada,normal,real,2026-07,0.1701,,1,Energy Innovation Lab (dados reais)
156,1,1,1,2026-07-18 09:26:00.000000,2026-07-18 12:01:00.000000,7.61,155,2.946,3.56,20,38.1,validada,normal,real,2026-07,0.0991,,1,Energy Innovation Lab (dados reais)
157,1,1,1,2026-07-19 18:51:00.000000,2026-07-20 00:42:00.000000,14.3,352,2.438,3.57,101,71.5,validada,normal,real,2026-07,0.1898,,1,Energy Innovation Lab (dados reais)
158,1,1,1,2026-07-20 17:43:00.000000,2026-07-20 20:33:00.000000,4.41,171,1.547,3.55,90,22.1,validada,normal,real,2026-07,0.1039,,1,Energy Innovation Lab (dados reais)
159,1,1,1,2026-07-21 19:05:00.000000,2026-07-21 23:16:00.000000,9.06,252,2.157,3.57,91,45.3,validada,normal,real,2026-07,0.1617,,1,Energy Innovation Lab (dados reais)
160,1,1,1,2026-07-23 02:06:00.000000,2026-07-23 06:14:00.000000,8.25,249,1.988,3.57,103,41.2,validada,normal,real,2026-07,0.14,,1,Energy Innovation Lab (dados reais)
161,1,1,1,2026-07-23 21:19:00.000000,2026-07-24 00:13:00.000000,4.91,175,1.683,3.57,84,24.6,validada,normal,real,2026-07,0.1552,,1,Energy Innovation Lab (dados reais)
162,1,1,1,2026-07-28 17:13:00.000000,2026-07-28 17:13:00.000000,0.0,1,0.0,0.0,0,0.0,descartada,normal,real,2026-07,,sessão sem entrega de energia (conexão sem carga ou falha de partida),0,Energy Innovation Lab (dados reais)
163,1,1,1,2026-07-28 17:14:00.000000,2026-07-29 00:29:00.000000,15.52,435,2.141,3.56,165,77.6,validada,normal,real,2026-07,0.1012,,1,Energy Innovation Lab (dados reais)
164,1,1,1,2026-07-29 23:41:00.000000,2026-07-30 03:54:00.000000,9.55,254,2.256,3.56,83,47.8,validada,normal,real,2026-07,0.1683,,1,Energy Innovation Lab (dados reais)
165,2,2,2,2026-07-01 22:42:00.000000,2026-07-02 06:47:00.000000,23.16,485,2.865,6.06,245,115.8,validada,normal,simulada,2026-07,0.1348,,1,Maria Oliveira
166,6,7,4,2026-07-02 10:43:00.000000,2026-07-02 16:23:00.000000,25.46,340,4.493,6.22,80,127.3,validada,normal,simulada,2026-07,0.1606,,1,Beatriz Costa
167,3,3,2,2026-07-02 17:05:00.000000,2026-07-02 20:05:00.000000,14.31,180,4.77,6.66,45,71.5,validada,normal,simulada,2026-07,0.1744,,1,Carlos Oliveira
168,6,7,3,2026-07-03 09:25:00.000000,2026-07-03 13:25:00.000000,17.36,240,4.34,6.23,65,86.8,validada,normal,simulada,2026-07,0.1883,,1,Beatriz Costa
169,2,2,3,2026-07-03 22:28:00.000000,2026-07-04 06:19:00.000000,17.23,471,2.195,6.31,296,86.2,validada,normal,simulada,2026-07,0.0576,,1,Maria Oliveira
170,10,11,2,2026-07-05 19:08:00.000000,2026-07-05 22:41:00.000000,18.99,213,5.349,6.42,28,94.9,validada,normal,simulada,2026-07,0.1928,,1,Juliana Prado (visitante)
171,4,4,2,2026-07-05 23:28:00.000000,2026-07-06 03:20:00.000000,18.55,232,4.797,6.26,47,92.8,validada,normal,simulada,2026-07,0.1903,,1,Ana Souza
172,2,2,4,2026-07-05 22:22:00.000000,2026-07-06 07:26:00.000000,22.03,544,2.43,6.12,319,110.2,validada,normal,simulada,2026-07,0.0787,,1,Maria Oliveira
173,6,7,3,2026-07-06 09:31:00.000000,2026-07-06 16:04:00.000000,23.44,393,3.579,6.09,148,117.2,validada,normal,simulada,2026-07,0.159,,1,Beatriz Costa
174,3,3,3,2026-07-06 19:00:00.000000,2026-07-06 23:09:00.000000,21.56,249,5.195,6.68,49,107.8,validada,normal,simulada,2026-07,0.1904,,1,Carlos Oliveira
175,4,5,4,2026-07-06 22:01:00.000000,2026-07-07 06:14:00.000000,42.61,493,5.186,6.78,98,213.1,validada,normal,simulada,2026-07,0.1083,,1,Ana Souza
176,6,7,2,2026-07-07 08:53:00.000000,2026-07-07 13:50:00.000000,17.29,297,3.493,6.09,117,86.4,validada,normal,simulada,2026-07,0.1655,,1,Beatriz Costa
177,2,2,4,2026-07-07 22:57:00.000000,2026-07-08 06:06:00.000000,23.78,429,3.326,6.36,194,118.9,validada,normal,simulada,2026-07,0.1384,,1,Maria Oliveira
178,2,2,2,2026-07-09 23:16:00.000000,2026-07-10 06:47:00.000000,19.08,451,2.538,6.36,261,95.4,validada,normal,simulada,2026-07,0.1222,,1,Maria Oliveira
179,3,3,3,2026-07-10 18:58:00.000000,2026-07-10 22:06:00.000000,18.41,188,5.876,6.8,18,92.0,validada,normal,simulada,2026-07,0.1785,,1,Carlos Oliveira
180,4,5,4,2026-07-10 23:11:00.000000,2026-07-11 06:46:00.000000,45.81,455,6.041,6.9,40,229.1,validada,normal,simulada,2026-07,0.0474,,1,Ana Souza
181,5,6,4,2026-07-11 10:48:00.000000,2026-07-11 14:05:00.000000,15.64,197,4.763,6.62,42,78.2,validada,normal,simulada,2026-07,0.1539,,1,Rafael Lima
182,2,2,4,2026-07-11 22:48:00.000000,2026-07-12 07:07:00.000000,30.68,499,3.689,6.18,189,153.4,validada,normal,simulada,2026-07,0.1225,,1,Maria Oliveira
183,5,6,4,2026-07-12 10:51:00.000000,2026-07-12 14:17:00.000000,17.82,206,5.19,6.5,26,89.1,validada,normal,simulada,2026-07,0.0875,,1,Rafael Lima
184,2,2,3,2026-07-12 22:38:00.000000,2026-07-13 06:48:00.000000,17.03,490,2.085,6.37,320,85.2,validada,normal,simulada,2026-07,0.0359,,1,Maria Oliveira
185,3,3,4,2026-07-13 19:04:00.000000,2026-07-13 23:25:00.000000,21.44,261,4.929,6.62,61,107.2,validada,normal,simulada,2026-07,0.2004,,1,Carlos Oliveira
186,9,10,4,2026-07-14 15:16:00.000000,2026-07-14 16:32:00.000000,6.74,76,5.321,6.31,6,33.7,validada,normal,simulada,2026-07,0.0586,,1,Lucas Mendes (visitante)
187,6,7,2,2026-07-14 11:03:00.000000,2026-07-14 19:05:00.000000,19.53,482,2.431,6.35,287,97.7,validada,normal,simulada,2026-07,0.1317,,1,Beatriz Costa
188,4,4,3,2026-07-14 20:05:00.000000,2026-07-15 01:08:00.000000,18.68,303,3.699,6.35,118,93.4,validada,normal,simulada,2026-07,0.1663,,1,Ana Souza
189,2,2,4,2026-07-14 23:10:00.000000,2026-07-15 07:05:00.000000,20.41,475,2.578,6.37,275,102.0,validada,normal,simulada,2026-07,0.1382,,1,Maria Oliveira
190,6,7,2,2026-07-16 07:57:00.000000,2026-07-16 17:25:00.000000,25.18,568,2.66,6.32,318,125.9,validada,normal,simulada,2026-07,0.0465,,1,Beatriz Costa
191,3,3,2,2026-07-16 18:28:00.000000,2026-07-16 22:12:00.000000,17.76,224,4.757,6.78,59,88.8,validada,normal,simulada,2026-07,0.2033,,1,Carlos Oliveira
192,6,7,3,2026-07-17 09:15:00.000000,2026-07-17 18:21:00.000000,25.83,546,2.838,6.12,281,129.1,validada,normal,simulada,2026-07,0.0933,,1,Beatriz Costa
193,3,3,4,2026-07-17 17:59:00.000000,2026-07-17 21:05:00.000000,18.58,186,5.994,6.71,11,92.9,validada,normal,simulada,2026-07,0.1499,,1,Carlos Oliveira
194,4,4,4,2026-07-18 22:55:00.000000,2026-07-19 02:10:00.000000,15.84,195,4.874,6.5,40,79.2,validada,normal,simulada,2026-07,0.2018,,1,Ana Souza
195,5,6,4,2026-07-19 11:15:00.000000,2026-07-19 13:55:00.000000,15.78,160,5.918,6.49,0,78.9,validada,normal,simulada,2026-07,0.059,,1,Rafael Lima
196,10,11,2,2026-07-20 17:41:00.000000,2026-07-20 21:06:00.000000,19.13,205,5.599,6.24,15,95.6,validada,normal,simulada,2026-07,0.1784,,1,Juliana Prado (visitante)
197,2,2,3,2026-07-20 21:55:00.000000,2026-07-21 05:46:00.000000,21.22,471,2.703,6.31,261,106.1,validada,normal,simulada,2026-07,0.1355,,1,Maria Oliveira
198,6,7,4,2026-07-21 08:52:00.000000,2026-07-21 13:44:00.000000,25.39,292,5.217,6.07,27,127.0,validada,normal,simulada,2026-07,0.1412,,1,Beatriz Costa
199,4,4,2,2026-07-22 20:22:00.000000,2026-07-23 00:10:00.000000,14.61,228,3.845,6.18,78,73.0,validada,normal,simulada,2026-07,0.1718,,1,Ana Souza
200,4,4,3,2026-07-23 20:06:00.000000,2026-07-24 00:22:00.000000,20.52,256,4.809,6.15,46,102.6,validada,normal,simulada,2026-07,0.1853,,1,Ana Souza
201,2,2,4,2026-07-23 23:31:00.000000,2026-07-24 06:51:00.000000,27.64,440,3.769,6.34,165,138.2,validada,normal,simulada,2026-07,0.1492,,1,Maria Oliveira
202,6,7,3,2026-07-24 10:15:00.000000,2026-07-24 15:13:00.000000,26.3,298,5.295,6.3,38,131.5,validada,normal,simulada,2026-07,0.121,,1,Beatriz Costa
203,3,3,4,2026-07-24 17:33:00.000000,2026-07-24 20:37:00.000000,16.38,184,5.341,6.76,34,81.9,validada,normal,simulada,2026-07,0.1764,,1,Carlos Oliveira
204,10,11,2,2026-07-24 18:31:00.000000,2026-07-24 20:52:00.000000,10.0,141,4.255,6.25,41,50.0,validada,normal,simulada,2026-07,0.1081,,1,Juliana Prado (visitante)
205,5,6,2,2026-07-25 07:26:00.000000,2026-07-25 11:50:00.000000,14.35,264,3.261,6.51,119,71.8,validada,normal,simulada,2026-07,0.1298,,1,Rafael Lima
206,4,4,2,2026-07-26 20:54:00.000000,2026-07-27 04:24:00.000000,15.05,450,2.007,6.07,290,75.2,validada,normal,simulada,2026-07,0.0731,,1,Ana Souza
207,6,7,4,2026-07-28 09:40:00.000000,2026-07-28 13:31:00.000000,17.38,231,4.514,6.28,56,86.9,validada,normal,simulada,2026-07,0.1957,,1,Beatriz Costa
208,10,11,3,2026-07-28 22:53:00.000000,2026-07-29 00:55:00.000000,11.21,122,5.513,6.38,12,56.1,validada,normal,simulada,2026-07,0.113,,1,Juliana Prado (visitante)
209,4,5,3,2026-07-29 18:54:00.000000,2026-07-29 23:56:00.000000,25.96,302,5.158,6.59,52,129.8,validada,normal,simulada,2026-07,0.1315,,1,Ana Souza
210,4,4,2,2026-07-30 19:55:00.000000,2026-07-30 23:06:00.000000,17.25,191,5.419,6.29,16,86.2,validada,normal,simulada,2026-07,0.1751,,1,Ana Souza
211,2,2,4,2026-07-30 22:52:00.000000,2026-07-31 06:22:00.000000,21.46,450,2.861,6.38,240,107.3,validada,normal,simulada,2026-07,0.1308,,1,Maria Oliveira
212,6,7,3,2026-07-31 09:59:00.000000,2026-07-31 14:15:00.000000,22.94,256,5.377,6.2,26,114.7,validada,normal,simulada,2026-07,0.1619,,1,Beatriz Costa
213,1,1,1,2026-07-31 21:12:00.000000,2026-08-01 02:29:00.000000,12.6,317,2.385,3.57,97,63.0,validada,normal,real,2026-08,0.1564,,1,Energy Innovation Lab (dados reais)
214,1,1,1,2026-08-02 16:34:00.000000,2026-08-02 20:06:00.000000,6.03,213,1.699,3.57,107,30.2,validada,normal,real,2026-08,0.1002,,1,Energy Innovation Lab (dados reais)
215,1,1,1,2026-08-03 21:09:00.000000,2026-08-04 00:39:00.000000,7.16,211,2.036,3.56,85,35.8,validada,normal,real,2026-08,0.1594,,1,Energy Innovation Lab (dados reais)
216,1,1,1,2026-08-05 21:10:00.000000,2026-08-06 01:55:00.000000,10.41,286,2.184,3.57,100,52.0,validada,normal,real,2026-08,0.1513,,1,Energy Innovation Lab (dados reais)
217,1,1,1,2026-08-07 21:34:00.000000,2026-08-08 01:33:00.000000,8.7,240,2.175,3.56,84,43.5,validada,normal,real,2026-08,0.1684,,1,Energy Innovation Lab (dados reais)
218,1,1,1,2026-08-10 21:20:00.000000,2026-08-11 01:41:00.000000,9.78,262,2.24,3.57,91,48.9,validada,normal,real,2026-08,0.1764,,1,Energy Innovation Lab (dados reais)
219,1,1,1,2026-08-11 21:20:00.000000,2026-08-12 01:21:00.000000,8.71,242,2.16,3.56,86,43.6,validada,normal,real,2026-08,0.1709,,1,Energy Innovation Lab (dados reais)
220,1,1,1,2026-08-13 21:13:00.000000,2026-08-14 01:35:00.000000,9.78,263,2.231,3.55,87,48.9,validada,normal,real,2026-08,0.1774,,1,Energy Innovation Lab (dados reais)
221,1,1,1,2026-08-14 21:26:00.000000,2026-08-15 00:18:00.000000,4.69,173,1.627,3.53,87,23.5,validada,normal,real,2026-08,0.1214,,1,Energy Innovation Lab (dados reais)
222,1,1,1,2026-08-15 13:14:00.000000,2026-08-15 15:02:00.000000,1.67,108,0.928,3.53,78,8.3,em_revisao,normal,real,2026-08,-0.0513,Isolation Forest: valor atípico de fração da bateria (z=2.4),0,Energy Innovation Lab (dados reais)
223,1,1,1,2026-08-17 21:17:00.000000,2026-08-18 01:03:00.000000,7.75,227,2.048,3.57,91,38.8,validada,normal,real,2026-08,0.1565,,1,Energy Innovation Lab (dados reais)
224,1,1,1,2026-08-18 21:43:00.000000,2026-08-19 01:17:00.000000,5.58,215,1.557,3.56,114,27.9,validada,normal,real,2026-08,0.0685,,1,Energy Innovation Lab (dados reais)
225,1,1,1,2026-08-20 21:09:00.000000,2026-08-21 03:28:00.000000,12.77,380,2.016,3.56,154,63.8,validada,normal,real,2026-08,0.0865,,1,Energy Innovation Lab (dados reais)
226,1,1,1,2026-08-22 19:47:00.000000,2026-08-22 23:17:00.000000,7.08,211,2.013,3.56,85,35.4,validada,normal,real,2026-08,0.159,,1,Energy Innovation Lab (dados reais)
227,1,1,1,2026-08-24 21:13:00.000000,2026-08-25 02:25:00.000000,12.32,313,2.362,3.57,97,61.6,validada,normal,real,2026-08,0.1599,,1,Energy Innovation Lab (dados reais)
228,1,1,1,2026-08-26 20:56:00.000000,2026-08-27 00:59:00.000000,8.8,243,2.173,3.56,88,44.0,validada,normal,real,2026-08,0.1721,,1,Energy Innovation Lab (dados reais)
229,1,1,1,2026-08-30 18:14:00.000000,2026-08-30 22:30:00.000000,9.45,257,2.206,3.57,91,47.2,validada,normal,real,2026-08,0.1748,,1,Energy Innovation Lab (dados reais)
230,5,6,3,2026-08-02 10:17:00.000000,2026-08-02 12:29:00.000000,11.29,132,5.132,6.56,17,56.4,validada,normal,simulada,2026-08,0.1509,,1,Rafael Lima
231,7,8,4,2026-08-02 20:59:00.000000,2026-08-03 01:31:00.000000,26.28,272,5.797,6.46,17,131.4,validada,normal,simulada,2026-08,0.1168,,1,Fernando Rocha
232,3,3,3,2026-08-03 18:44:00.000000,2026-08-03 23:41:00.000000,25.61,297,5.174,6.43,47,128.1,validada,normal,simulada,2026-08,0.1662,,1,Carlos Oliveira
233,2,2,3,2026-08-04 22:50:00.000000,2026-08-05 02:55:00.000000,23.92,245,5.858,6.12,0,119.6,validada,interrompida,simulada,2026-08,0.0942,,1,Maria Oliveira
234,4,5,2,2026-08-04 18:35:00.000000,2026-08-05 03:31:00.000000,46.53,536,5.209,6.46,86,232.7,validada,normal,simulada,2026-08,0.0564,,1,Ana Souza
235,4,5,3,2026-08-05 20:00:00.000000,2026-08-06 03:39:00.000000,35.93,459,4.697,6.45,109,179.7,validada,normal,simulada,2026-08,0.1162,,1,Ana Souza
236,6,7,2,2026-08-06 09:50:00.000000,2026-08-06 18:11:00.000000,26.78,501,3.207,6.14,226,133.9,validada,normal,simulada,2026-08,0.1006,,1,Beatriz Costa
237,7,8,3,2026-08-06 21:29:00.000000,2026-08-07 01:51:00.000000,25.67,262,5.879,6.75,27,128.4,validada,normal,simulada,2026-08,0.1179,,1,Fernando Rocha
238,8,9,2,2026-08-06 20:48:00.000000,2026-08-07 02:37:00.000000,27.61,349,4.747,6.26,69,138.1,validada,normal,simulada,2026-08,0.1425,,1,Paulo Teixeira
239,6,7,4,2026-08-07 07:56:00.000000,2026-08-07 12:34:00.000000,25.48,278,5.499,6.4,28,127.4,validada,normal,simulada,2026-08,0.1381,,1,Beatriz Costa
240,8,9,4,2026-08-07 21:23:00.000000,2026-08-08 00:46:00.000000,15.43,203,4.561,6.27,48,77.2,validada,normal,simulada,2026-08,0.1718,,1,Paulo Teixeira
241,4,5,3,2026-08-08 23:41:00.000000,2026-08-09 06:52:00.000000,30.18,431,4.201,6.46,136,150.9,validada,normal,simulada,2026-08,0.0938,,1,Ana Souza
242,5,6,2,2026-08-09 10:24:00.000000,2026-08-09 12:52:00.000000,14.11,148,5.72,6.89,13,70.5,validada,normal,simulada,2026-08,0.1195,,1,Rafael Lima
243,2,2,2,2026-08-09 22:29:00.000000,2026-08-10 07:22:00.000000,23.37,533,2.631,6.05,288,116.9,validada,normal,simulada,2026-08,0.1248,,1,Maria Oliveira
244,3,3,3,2026-08-10 18:23:00.000000,2026-08-10 21:07:00.000000,16.56,164,6.059,6.67,9,82.8,validada,normal,simulada,2026-08,0.1252,,1,Carlos Oliveira
245,7,8,4,2026-08-10 20:53:00.000000,2026-08-11 00:50:00.000000,23.73,237,6.008,6.69,17,118.7,validada,normal,simulada,2026-08,0.1187,,1,Fernando Rocha
246,2,2,2,2026-08-10 23:00:00.000000,2026-08-11 06:41:00.000000,18.97,461,2.469,6.42,276,94.8,validada,normal,simulada,2026-08,0.1293,,1,Maria Oliveira
247,3,3,4,2026-08-11 18:24:00.000000,2026-08-11 22:40:00.000000,22.54,256,5.283,6.84,51,112.7,validada,normal,simulada,2026-08,0.1813,,1,Carlos Oliveira
248,8,9,2,2026-08-11 19:06:00.000000,2026-08-11 22:51:00.000000,16.19,225,4.317,6.38,65,81.0,validada,normal,simulada,2026-08,0.1711,,1,Paulo Teixeira
249,2,2,3,2026-08-12 22:12:00.000000,2026-08-13 06:40:00.000000,17.71,508,2.092,6.22,328,88.6,validada,normal,simulada,2026-08,0.0271,,1,Maria Oliveira
250,4,5,2,2026-08-12 22:55:00.000000,2026-08-13 07:41:00.000000,31.36,526,3.577,6.43,216,156.8,validada,normal,simulada,2026-08,0.0761,,1,Ana Souza
251,6,7,3,2026-08-13 08:15:00.000000,2026-08-13 13:00:00.000000,26.0,285,5.474,6.37,30,130.0,validada,normal,simulada,2026-08,0.1355,,1,Beatriz Costa
252,3,3,3,2026-08-13 17:22:00.000000,2026-08-13 20:15:00.000000,14.95,173,5.185,6.9,38,74.8,validada,normal,simulada,2026-08,0.1662,,1,Carlos Oliveira
253,8,9,4,2026-08-13 19:28:00.000000,2026-08-13 23:14:00.000000,17.35,226,4.606,6.46,56,86.8,validada,normal,simulada,2026-08,0.1951,,1,Paulo Teixeira
254,10,11,3,2026-08-13 20:28:00.000000,2026-08-13 23:14:00.000000,14.93,166,5.396,6.45,21,74.7,validada,normal,simulada,2026-08,0.166,,1,Juliana Prado (visitante)
255,4,5,2,2026-08-13 23:09:00.000000,2026-08-14 12:23:00.000000,46.31,794,3.499,6.74,364,231.6,em_revisao,normal,simulada,2026-08,,sessão longa: 13.2 h (limite 12 h),0,Ana Souza
256,3,3,4,2026-08-14 18:37:00.000000,2026-08-15 01:21:00.000000,20.19,404,2.999,6.56,209,101.0,validada,normal,simulada,2026-08,0.1206,,1,Carlos Oliveira
257,4,4,2,2026-08-14 22:22:00.000000,2026-08-15 01:29:00.000000,16.89,187,5.419,6.1,12,84.5,validada,normal,simulada,2026-08,0.1789,,1,Ana Souza
258,2,2,3,2026-08-14 22:39:00.000000,2026-08-15 06:42:00.000000,17.56,483,2.181,6.07,298,87.8,validada,normal,simulada,2026-08,0.0684,,1,Maria Oliveira
259,5,6,4,2026-08-15 08:29:00.000000,2026-08-15 11:03:00.000000,10.97,154,4.274,6.61,44,54.9,validada,normal,simulada,2026-08,0.1471,,1,Rafael Lima
260,5,6,2,2026-08-15 08:10:00.000000,2026-08-15 23:40:00.000000,5.36,930,0.346,6.34,870,26.8,em_revisao,normal,simulada,2026-08,,sessão longa: 15.5 h (limite 12 h),0,Rafael Lima
261,2,2,3,2026-08-15 22:47:00.000000,2026-08-16 05:47:00.000000,29.62,420,4.231,6.44,130,148.1,validada,normal,simulada,2026-08,0.0978,,1,Maria Oliveira
262,9,10,2,2026-08-16 14:55:00.000000,2026-08-16 16:24:00.000000,7.53,89,5.076,6.47,14,37.6,validada,normal,simulada,2026-08,0.0556,,1,Lucas Mendes (visitante)
263,7,8,3,2026-08-16 22:21:00.000000,2026-08-17 02:39:00.000000,24.24,258,5.637,6.75,33,121.2,validada,normal,simulada,2026-08,0.1376,,1,Fernando Rocha
264,3,3,2,2026-08-17 18:51:00.000000,2026-08-18 00:31:00.000000,25.68,340,4.532,6.71,100,128.4,validada,normal,simulada,2026-08,0.1625,,1,Carlos Oliveira
265,6,7,4,2026-08-18 08:08:00.000000,2026-08-18 16:59:00.000000,20.48,531,2.314,6.46,331,102.4,validada,normal,simulada,2026-08,0.0692,,1,Beatriz Costa
266,8,9,3,2026-08-18 20:12:00.000000,2026-08-19 00:16:00.000000,17.54,244,4.313,6.15,64,87.7,validada,normal,simulada,2026-08,0.1746,,1,Paulo Teixeira
267,3,3,2,2026-08-18 17:51:00.000000,2026-08-19 00:22:00.000000,25.63,391,3.933,6.67,151,128.2,validada,normal,simulada,2026-08,0.1431,,1,Carlos Oliveira
268,4,5,4,2026-08-18 19:52:00.000000,2026-08-19 01:02:00.000000,28.69,310,5.553,6.88,45,143.5,validada,normal,simulada,2026-08,0.118,,1,Ana Souza
269,10,11,3,2026-08-19 19:24:00.000000,2026-08-19 22:32:00.000000,16.18,188,5.164,6.34,28,80.9,validada,normal,simulada,2026-08,0.1885,,1,Juliana Prado (visitante)
270,4,4,2,2026-08-19 23:01:00.000000,2026-08-20 03:58:00.000000,15.71,297,3.174,6.47,142,78.6,validada,normal,simulada,2026-08,0.1174,,1,Ana Souza
271,2,2,3,2026-08-19 22:33:00.000000,2026-08-20 06:14:00.000000,27.6,461,3.592,6.3,186,138.0,validada,normal,simulada,2026-08,0.1302,,1,Maria Oliveira
272,8,9,2,2026-08-20 21:00:00.000000,2026-08-20 19:00:00.000000,9.4,120,4.7,6.2,0,47.0,erro,normal,simulada,2026-08,,fim anterior ao início,0,Paulo Teixeira
273,3,3,3,2026-08-20 18:44:00.000000,2026-08-20 21:33:00.000000,15.83,169,5.62,6.91,24,79.2,validada,normal,simulada,2026-08,0.162,,1,Carlos Oliveira
274,8,9,2,2026-08-20 20:34:00.000000,2026-08-21 01:27:00.000000,20.81,293,4.261,6.48,88,104.0,validada,normal,simulada,2026-08,0.1629,,1,Paulo Teixeira
275,2,2,3,2026-08-20 22:36:00.000000,2026-08-21 06:55:00.000000,24.81,499,2.983,6.3,249,124.0,validada,normal,simulada,2026-08,0.1276,,1,Maria Oliveira
276,7,8,2,2026-08-21 20:55:00.000000,2026-08-22 01:57:00.000000,22.64,302,4.498,6.45,82,113.2,validada,normal,simulada,2026-08,0.1659,,1,Fernando Rocha
277,2,2,4,2026-08-21 22:52:00.000000,2026-08-22 06:24:00.000000,24.1,452,3.199,6.08,202,120.5,validada,normal,simulada,2026-08,0.142,,1,Maria Oliveira
278,9,10,4,2026-08-22 13:27:00.000000,2026-08-22 15:48:00.000000,12.6,141,5.362,6.15,11,63.0,validada,normal,simulada,2026-08,0.1438,,1,Lucas Mendes (visitante)
279,8,9,2,2026-08-22 21:20:00.000000,2026-08-23 05:02:00.000000,26.94,462,3.499,6.29,192,134.7,validada,normal,simulada,2026-08,0.1357,,1,Paulo Teixeira
280,2,2,3,2026-08-22 22:26:00.000000,2026-08-23 07:20:00.000000,19.73,534,2.217,6.23,334,98.7,validada,normal,simulada,2026-08,0.041,,1,Maria Oliveira
281,9,10,3,2026-08-23 11:47:00.000000,2026-08-23 13:57:00.000000,10.34,130,4.772,6.21,25,51.7,validada,normal,simulada,2026-08,0.1301,,1,Lucas Mendes (visitante)
282,8,9,2,2026-08-23 19:45:00.000000,2026-08-24 00:43:00.000000,24.23,298,4.879,6.14,48,121.2,validada,normal,simulada,2026-08,0.1789,,1,Paulo Teixeira
283,2,2,3,2026-08-23 23:13:00.000000,2026-08-24 06:42:00.000000,29.99,449,4.008,6.25,149,149.9,validada,normal,simulada,2026-08,0.0948,,1,Maria Oliveira
284,3,3,4,2026-08-24 18:57:00.000000,2026-08-24 22:18:00.000000,16.26,201,4.854,6.6,46,81.3,validada,normal,simulada,2026-08,0.1844,,1,Carlos Oliveira
285,8,9,2,2026-08-24 18:32:00.000000,2026-08-24 23:31:00.000000,28.38,299,5.695,6.47,24,141.9,validada,normal,simulada,2026-08,0.1055,,1,Paulo Teixeira
286,3,3,3,2026-08-25 18:50:00.000000,2026-08-26 00:08:00.000000,25.2,318,4.755,6.48,78,126.0,validada,normal,simulada,2026-08,0.1674,,1,Carlos Oliveira
287,4,4,2,2026-08-25 23:23:00.000000,2026-08-26 03:53:00.000000,21.19,270,4.709,6.19,55,106.0,validada,normal,simulada,2026-08,0.1766,,1,Ana Souza
288,2,2,4,2026-08-25 22:58:00.000000,2026-08-26 06:24:00.000000,18.22,446,2.451,6.11,256,91.1,validada,normal,simulada,2026-08,0.1135,,1,Maria Oliveira
289,9,10,3,2026-08-26 15:29:00.000000,2026-08-26 18:11:00.000000,14.72,162,5.452,6.33,17,73.6,validada,normal,simulada,2026-08,0.171,,1,Lucas Mendes (visitante)
290,2,2,3,2026-08-26 22:10:00.000000,2026-08-27 07:02:00.000000,21.78,532,2.456,6.25,312,108.9,validada,normal,simulada,2026-08,0.1132,,1,Maria Oliveira
291,3,3,3,2026-08-27 17:58:00.000000,2026-08-28 02:14:00.000000,23.96,496,2.898,6.72,271,119.8,validada,normal,simulada,2026-08,0.1374,,1,Carlos Oliveira
292,2,2,4,2026-08-27 22:11:00.000000,2026-08-28 07:11:00.000000,17.13,540,1.903,6.34,370,85.6,em_revisao,normal,simulada,2026-08,-0.0076,Isolation Forest: valor atípico de tempo ocioso (z=2.9),0,Maria Oliveira
293,6,7,2,2026-08-28 09:02:00.000000,2026-08-28 18:32:00.000000,19.92,570,2.097,6.38,375,99.6,validada,normal,simulada,2026-08,0.0166,,1,Beatriz Costa
294,8,9,2,2026-08-28 19:36:00.000000,2026-08-28 23:24:00.000000,17.62,228,4.637,6.34,53,88.1,validada,normal,simulada,2026-08,0.1995,,1,Paulo Teixeira
295,10,11,3,2026-08-28 20:09:00.000000,2026-08-28 23:53:00.000000,19.91,224,5.333,6.46,34,99.5,validada,normal,simulada,2026-08,0.1832,,1,Juliana Prado (visitante)
296,2,2,4,2026-08-28 22:55:00.000000,2026-08-29 07:06:00.000000,18.75,491,2.291,6.41,306,93.8,validada,normal,simulada,2026-08,0.0825,,1,Maria Oliveira
297,2,2,2,2026-08-29 23:04:00.000000,2026-08-30 06:52:00.000000,29.04,468,3.723,6.33,178,145.2,validada,normal,simulada,2026-08,0.1241,,1,Maria Oliveira
298,4,5,4,2026-08-29 22:47:00.000000,2026-08-30 07:25:00.000000,44.68,518,5.175,6.83,108,223.4,validada,normal,simulada,2026-08,0.0772,,1,Ana Souza
299,5,6,3,2026-08-30 10:16:00.000000,2026-08-30 13:17:00.000000,17.03,181,5.645,6.58,11,85.2,validada,normal,simulada,2026-08,0.0866,,1,Rafael Lima
300,2,2,2,2026-08-30 23:01:00.000000,2026-08-31 07:26:00.000000,17.64,505,2.096,6.33,330,88.2,validada,normal,simulada,2026-08,0.0207,,1,Maria Oliveira
301,7,8,4,2026-08-31 20:00:00.000000,2026-08-31 23:35:00.000000,18.14,215,5.062,6.58,45,90.7,validada,normal,simulada,2026-08,0.1881,,1,Fernando Rocha
302,1,1,1,2026-09-01 21:22:00.000000,2026-09-02 01:55:00.000000,10.3,273,2.264,3.57,93,51.5,validada,normal,real,2026-09,0.1763,,1,Energy Innovation Lab (dados reais)
303,1,1,1,2026-09-03 22:04:00.000000,2026-09-04 02:21:00.000000,9.53,258,2.216,3.57,87,47.6,validada,normal,real,2026-09,0.1919,,1,Energy Innovation Lab (dados reais)
304,1,1,1,2026-09-04 22:18:00.000000,2026-09-05 01:14:00.000000,4.84,177,1.641,3.56,91,24.2,validada,normal,real,2026-09,0.1241,,1,Energy Innovation Lab (dados reais)
305,1,1,1,2026-09-07 20:32:00.000000,2026-09-08 02:23:00.000000,14.48,352,2.468,3.56,96,72.4,validada,normal,real,2026-09,0.1705,,1,Energy Innovation Lab (dados reais)
306,1,1,1,2026-09-09 12:26:00.000000,2026-09-09 13:29:00.000000,3.16,64,2.963,3.57,8,15.8,em_revisao,normal,real,2026-09,-0.0089,Isolation Forest: valor atípico de fração da bateria (z=2.3),0,Energy Innovation Lab (dados reais)
307,1,1,1,2026-09-09 21:20:00.000000,2026-09-10 02:59:00.000000,13.78,340,2.432,3.57,99,68.9,validada,normal,real,2026-09,0.1741,,1,Energy Innovation Lab (dados reais)
308,1,1,1,2026-09-11 15:06:00.000000,2026-09-11 15:32:00.000000,1.27,26,2.931,3.54,1,6.3,em_revisao,normal,real,2026-09,-0.0565,Isolation Forest: valor atípico de fração da bateria (z=2.6),0,Energy Innovation Lab (dados reais)
309,1,1,1,2026-09-12 17:42:00.000000,2026-09-12 20:28:00.000000,8.4,167,3.018,3.57,16,42.0,validada,normal,real,2026-09,0.0811,,1,Energy Innovation Lab (dados reais)
310,1,1,1,2026-09-13 09:04:00.000000,2026-09-13 12:10:00.000000,5.73,186,1.848,3.54,86,28.7,validada,normal,real,2026-09,0.1553,,1,Energy Innovation Lab (dados reais)
311,1,1,1,2026-09-14 15:33:00.000000,2026-09-14 15:33:00.000000,0.01,1,0.6,3.45,0,0.1,descartada,normal,real,2026-09,,sessão sem entrega de energia (conexão sem carga ou falha de partida),0,Energy Innovation Lab (dados reais)
312,1,1,1,2026-09-14 20:47:00.000000,2026-09-15 00:54:00.000000,9.16,248,2.216,3.57,87,45.8,validada,normal,real,2026-09,0.1923,,1,Energy Innovation Lab (dados reais)
313,1,1,1,2026-09-15 20:43:00.000000,2026-09-15 23:46:00.000000,5.94,184,1.937,3.57,78,29.7,validada,normal,real,2026-09,0.1473,,1,Energy Innovation Lab (dados reais)
314,1,1,1,2026-09-17 20:58:00.000000,2026-09-18 01:27:00.000000,10.32,270,2.293,3.57,89,51.6,validada,normal,real,2026-09,0.182,,1,Energy Innovation Lab (dados reais)
315,1,1,1,2026-09-20 20:29:00.000000,2026-09-21 00:27:00.000000,8.61,239,2.162,3.56,88,43.0,validada,normal,real,2026-09,0.1832,,1,Energy Innovation Lab (dados reais)
316,1,1,1,2026-09-21 21:34:00.000000,2026-09-22 00:49:00.000000,6.02,196,1.843,3.56,90,30.1,validada,normal,real,2026-09,0.1543,,1,Energy Innovation Lab (dados reais)
317,1,1,1,2026-09-22 03:37:00.000000,2026-09-22 03:37:00.000000,0.0,0,0.0,0.0,0,0.0,descartada,normal,real,2026-09,,sessão sem entrega de energia (conexão sem carga ou falha de partida),0,Energy Innovation Lab (dados reais)
318,1,1,1,2026-09-22 03:39:00.000000,2026-09-22 04:00:00.000000,0.0,22,0.0,0.0,21,0.0,descartada,normal,real,2026-09,,sessão sem entrega de energia (conexão sem carga ou falha de partida),0,Energy Innovation Lab (dados reais)
319,1,1,1,2026-09-22 21:06:00.000000,2026-09-22 23:47:00.000000,4.62,161,1.722,3.55,76,23.1,validada,normal,real,2026-09,0.1033,,1,Energy Innovation Lab (dados reais)
320,1,1,1,2026-09-24 18:09:00.000000,2026-09-24 22:22:00.000000,9.47,254,2.237,3.57,88,47.4,validada,normal,real,2026-09,0.1901,,1,Energy Innovation Lab (dados reais)
321,1,1,1,2026-09-25 21:59:00.000000,2026-09-26 01:26:00.000000,7.17,208,2.068,3.56,82,35.9,validada,normal,real,2026-09,0.1617,,1,Energy Innovation Lab (dados reais)
322,1,1,1,2026-09-27 21:38:00.000000,2026-09-28 01:23:00.000000,7.41,225,1.976,3.57,95,37.0,validada,normal,real,2026-09,0.1473,,1,Energy Innovation Lab (dados reais)
323,1,1,1,2026-09-28 20:51:00.000000,2026-09-29 01:31:00.000000,10.64,280,2.28,3.56,95,53.2,validada,normal,real,2026-09,0.1694,,1,Energy Innovation Lab (dados reais)
324,1,1,1,2026-09-29 21:02:00.000000,2026-09-30 00:46:00.000000,5.91,224,1.583,3.54,119,29.6,validada,normal,real,2026-09,0.0773,,1,Energy Innovation Lab (dados reais)
325,8,9,2,2026-08-31 21:35:00.000000,2026-09-01 03:22:00.000000,25.45,347,4.401,6.49,102,127.2,validada,normal,simulada,2026-09,0.1664,,1,Paulo Teixeira
326,7,8,2,2026-09-01 21:15:00.000000,2026-09-02 00:37:00.000000,20.17,202,5.991,6.82,17,100.9,validada,normal,simulada,2026-09,0.1537,,1,Fernando Rocha
327,2,2,4,2026-09-01 23:54:00.000000,2026-09-02 07:03:00.000000,27.61,429,3.862,6.31,154,138.1,validada,normal,simulada,2026-09,0.1328,,1,Maria Oliveira
328,6,7,2,2026-09-03 10:33:00.000000,2026-09-03 15:46:00.000000,23.99,313,4.599,6.43,78,119.9,validada,normal,simulada,2026-09,0.175,,1,Beatriz Costa
329,2,2,3,2026-09-04 21:55:00.000000,2026-09-05 06:53:00.000000,17.69,538,1.973,6.05,353,88.5,validada,normal,simulada,2026-09,0.0256,,1,Maria Oliveira
330,4,5,2,2026-09-04 23:30:00.000000,2026-09-05 09:03:00.000000,31.68,573,3.317,6.86,283,158.4,validada,normal,simulada,2026-09,0.0458,,1,Ana Souza
331,10,11,2,2026-09-05 18:41:00.000000,2026-09-05 21:28:00.000000,9.59,167,3.446,6.1,67,48.0,validada,normal,simulada,2026-09,0.1089,,1,Juliana Prado (visitante)
332,5,6,2,2026-09-06 09:53:00.000000,2026-09-06 13:19:00.000000,13.8,206,4.019,6.76,71,69.0,validada,normal,simulada,2026-09,0.1461,,1,Rafael Lima
333,8,9,3,2026-09-07 19:08:00.000000,2026-09-07 23:07:00.000000,22.52,239,5.654,6.5,19,112.6,validada,normal,simulada,2026-09,0.1688,,1,Paulo Teixeira
334,2,2,4,2026-09-07 22:20:00.000000,2026-09-08 07:12:00.000000,29.28,532,3.302,6.24,237,146.4,validada,normal,simulada,2026-09,0.0802,,1,Maria Oliveira
335,3,3,2,2026-09-08 18:08:00.000000,2026-09-08 21:39:00.000000,17.6,211,5.005,6.5,41,88.0,validada,normal,simulada,2026-09,0.2005,,1,Carlos Oliveira
336,2,2,4,2026-09-08 22:12:00.000000,2026-09-09 07:16:00.000000,17.58,544,1.939,6.32,364,87.9,validada,normal,simulada,2026-09,0.0101,,1,Maria Oliveira
337,2,2,3,2026-09-08 22:40:00.000000,2026-09-09 07:57:00.000000,20.14,557,2.169,6.07,302,100.7,em_revisao,normal,simulada,2026-09,,queda brusca de potência durante a carga,0,Maria Oliveira
338,4,4,4,2026-09-09 22:47:00.000000,2026-09-10 02:22:00.000000,16.24,215,4.532,6.3,50,81.2,validada,normal,simulada,2026-09,0.1866,,1,Ana Souza
339,6,7,4,2026-09-10 10:26:00.000000,2026-09-10 20:35:00.000000,24.88,609,2.451,6.2,354,124.4,validada,normal,simulada,2026-09,0.0054,,1,Beatriz Costa
340,3,3,2,2026-09-10 18:51:00.000000,2026-09-10 23:11:00.000000,24.77,260,5.716,6.65,30,123.8,validada,normal,simulada,2026-09,0.1613,,1,Carlos Oliveira
341,3,3,2,2026-09-11 17:57:00.000000,2026-09-11 23:17:00.000000,26.35,320,4.941,6.46,65,131.8,validada,normal,simulada,2026-09,0.1756,,1,Carlos Oliveira
342,10,11,2,2026-09-12 19:05:00.000000,2026-09-12 19:35:00.000000,3.03,30,6.06,6.15,0,15.1,validada,interrompida,simulada,2026-09,-0.0572,,1,Juliana Prado (visitante)
343,10,11,3,2026-09-12 19:57:00.000000,2026-09-12 22:14:00.000000,9.75,137,4.27,6.19,37,48.8,validada,normal,simulada,2026-09,0.0993,,1,Juliana Prado (visitante)
344,7,8,4,2026-09-12 21:04:00.000000,2026-09-13 01:53:00.000000,25.07,289,5.205,6.86,59,125.3,validada,normal,simulada,2026-09,0.1761,,1,Fernando Rocha
345,5,6,4,2026-09-13 09:42:00.000000,2026-09-13 13:14:00.000000,15.28,212,4.325,6.44,57,76.4,validada,normal,simulada,2026-09,0.1404,,1,Rafael Lima
346,8,9,4,2026-09-13 18:19:00.000000,2026-09-13 22:36:00.000000,23.12,257,5.398,6.45,32,115.6,validada,normal,simulada,2026-09,0.1807,,1,Paulo Teixeira
347,7,8,2,2026-09-13 21:24:00.000000,2026-09-14 02:15:00.000000,26.41,291,5.445,6.45,36,132.1,validada,normal,simulada,2026-09,0.1638,,1,Fernando Rocha
348,4,4,3,2026-09-13 23:09:00.000000,2026-09-14 03:54:00.000000,22.35,285,4.705,6.47,70,111.8,validada,normal,simulada,2026-09,0.154,,1,Ana Souza
349,4,5,3,2026-09-14 20:07:00.000000,2026-09-15 04:14:00.000000,41.66,487,5.133,6.91,107,208.3,validada,normal,simulada,2026-09,0.1242,,1,Ana Souza
350,6,7,4,2026-09-15 09:40:00.000000,2026-09-15 13:12:00.000000,19.7,212,5.575,6.29,12,98.5,validada,normal,simulada,2026-09,0.1773,,1,Beatriz Costa
351,3,3,4,2026-09-15 18:20:00.000000,2026-09-15 23:46:00.000000,22.09,326,4.066,6.52,116,110.5,validada,normal,simulada,2026-09,0.1599,,1,Carlos Oliveira
352,7,8,2,2026-09-15 21:48:00.000000,2026-09-16 01:10:00.000000,18.08,202,5.37,6.68,32,90.4,validada,normal,simulada,2026-09,0.2023,,1,Fernando Rocha
353,4,4,3,2026-09-15 22:46:00.000000,2026-09-16 02:34:00.000000,21.33,228,5.613,6.5,23,106.6,validada,normal,simulada,2026-09,0.1514,,1,Ana Souza
354,3,3,4,2026-09-16 17:50:00.000000,2026-09-17 00:54:00.000000,41.82,424,5.918,6.58,29,209.1,em_revisao,normal,simulada,2026-09,0.0007,"energia fora do padrão do veículo (z=5.3, média 20.5 kWh)",0,Carlos Oliveira
355,8,9,2,2026-09-16 20:39:00.000000,2026-09-17 03:19:00.000000,26.05,400,3.907,6.25,140,130.2,validada,normal,simulada,2026-09,0.1476,,1,Paulo Teixeira
356,6,7,4,2026-09-17 09:43:00.000000,2026-09-17 17:44:00.000000,25.95,481,3.237,6.21,216,129.8,validada,normal,simulada,2026-09,0.1126,,1,Beatriz Costa
357,2,2,4,2026-09-19 22:18:00.000000,2026-09-20 06:16:00.000000,20.89,478,2.622,6.47,273,104.5,validada,normal,simulada,2026-09,0.1571,,1,Maria Oliveira
358,5,6,2,2026-09-20 12:15:00.000000,2026-09-20 16:22:00.000000,18.71,247,4.545,6.79,67,93.6,validada,normal,simulada,2026-09,0.0934,,1,Rafael Lima
359,4,4,3,2026-09-20 19:49:00.000000,2026-09-20 23:20:00.000000,15.6,211,4.436,6.1,46,78.0,validada,normal,simulada,2026-09,0.179,,1,Ana Souza
360,7,8,4,2026-09-20 20:11:00.000000,2026-09-20 23:54:00.000000,21.22,223,5.709,6.92,28,106.1,validada,normal,simulada,2026-09,0.1805,,1,Fernando Rocha
361,6,7,4,2026-09-21 08:52:00.000000,2026-09-21 13:24:00.000000,23.34,272,5.149,6.23,37,116.7,validada,normal,simulada,2026-09,0.1758,,1,Beatriz Costa
362,7,8,3,2026-09-21 20:56:00.000000,2026-09-22 01:06:00.000000,23.63,250,5.671,6.68,30,118.1,validada,normal,simulada,2026-09,0.1681,,1,Fernando Rocha
363,6,7,4,2026-09-22 07:52:00.000000,2026-09-22 10:50:00.000000,16.64,178,5.609,6.15,8,83.2,validada,normal,simulada,2026-09,0.1741,,1,Beatriz Costa
364,7,8,2,2026-09-22 20:11:00.000000,2026-09-23 00:40:00.000000,24.52,269,5.469,6.69,39,122.6,validada,normal,simulada,2026-09,0.176,,1,Fernando Rocha
365,4,4,4,2026-09-22 20:16:00.000000,2026-09-23 06:10:00.000000,22.22,594,2.244,6.26,369,111.1,em_revisao,normal,simulada,2026-09,-0.0211,Isolation Forest: valor atípico de tempo ocioso (z=2.8),0,Ana Souza
366,9,10,4,2026-09-23 14:20:00.000000,2026-09-23 16:17:00.000000,10.36,117,5.313,6.34,12,51.8,validada,normal,simulada,2026-09,0.1321,,1,Lucas Mendes (visitante)
367,6,7,2,2026-09-23 10:38:00.000000,2026-09-23 16:55:00.000000,18.52,377,2.947,6.15,187,92.6,validada,normal,simulada,2026-09,0.1346,,1,Beatriz Costa
368,2,2,2,2026-09-23 22:05:00.000000,2026-09-24 06:58:00.000000,28.78,533,3.24,6.06,233,143.9,validada,normal,simulada,2026-09,0.0872,,1,Maria Oliveira
369,2,2,3,2026-09-24 23:17:00.000000,2026-09-25 07:35:00.000000,29.86,498,3.598,6.24,198,149.3,validada,normal,simulada,2026-09,0.1158,,1,Maria Oliveira
370,6,7,2,2026-09-25 10:15:00.000000,2026-09-25 14:30:00.000000,21.38,255,5.031,6.19,40,106.9,validada,normal,simulada,2026-09,0.1862,,1,Beatriz Costa
371,3,3,2,2026-09-25 17:00:00.000000,2026-09-25 20:15:00.000000,18.65,195,5.738,6.82,25,93.2,validada,normal,simulada,2026-09,0.1842,,1,Carlos Oliveira
372,8,9,4,2026-09-25 20:55:00.000000,2026-09-26 01:32:00.000000,25.5,277,5.523,6.46,27,127.5,validada,normal,simulada,2026-09,0.1647,,1,Paulo Teixeira
373,4,4,3,2026-09-25 22:24:00.000000,2026-09-26 02:09:00.000000,21.12,225,5.632,6.52,20,105.6,validada,normal,simulada,2026-09,0.1484,,1,Ana Souza
374,2,2,2,2026-09-25 21:43:00.000000,2026-09-26 06:13:00.000000,21.65,510,2.547,6.42,295,108.2,validada,normal,simulada,2026-09,0.1491,,1,Maria Oliveira
375,8,9,4,2026-09-26 20:44:00.000000,2026-09-27 00:36:00.000000,20.72,232,5.359,6.11,17,103.6,validada,normal,simulada,2026-09,0.1845,,1,Paulo Teixeira
376,2,2,3,2026-09-26 23:44:00.000000,2026-09-27 06:31:00.000000,30.25,407,4.459,6.42,112,151.2,validada,normal,simulada,2026-09,0.0935,,1,Maria Oliveira
377,5,6,4,2026-09-27 08:39:00.000000,2026-09-27 12:05:00.000000,13.03,206,3.795,6.87,81,65.1,validada,normal,simulada,2026-09,0.1376,,1,Rafael Lima
378,7,8,2,2026-09-28 20:43:00.000000,2026-09-29 01:49:00.000000,22.65,306,4.441,6.86,101,113.2,validada,normal,simulada,2026-09,0.1714,,1,Fernando Rocha
379,2,2,4,2026-09-28 22:45:00.000000,2026-09-29 07:30:00.000000,28.76,525,3.287,6.51,245,143.8,validada,normal,simulada,2026-09,0.0848,,1,Maria Oliveira
380,3,3,3,2026-09-29 18:02:00.000000,2026-09-29 22:59:00.000000,13.41,297,2.709,6.42,167,67.0,validada,normal,simulada,2026-09,0.088,,1,Carlos Oliveira
381,8,9,2,2026-09-29 20:06:00.000000,2026-09-30 00:48:00.000000,21.55,282,4.585,6.13,62,107.8,validada,normal,simulada,2026-09,0.1892,,1,Paulo Teixeira
382,7,8,4,2026-09-29 20:36:00.000000,2026-09-30 01:03:00.000000,24.3,267,5.461,6.45,32,121.5,validada,normal,simulada,2026-09,0.1743,,1,Fernando Rocha
