serial_carregador,card_id,inicio,fim,duracao,energia_kwh
57000HPA247L0002,57000HPA247L0002,04/30/2026 20:56,05/01/2026 01:12,04:17:00,9.51
57000HPA247L0002,57000HPA247L0002,05/01/2026 10:01,05/01/2026 10:39,00:38:00,1.91
57000HPA247L0002,57000HPA247L0002,05/03/2026 17:24,05/03/2026 23:29,06:05:00,14.65
57000HPA247L0002,57000HPA247L0002,05/04/2026 21:40,05/05/2026 00:50,03:11:00,5.25
57000HPA247L0002,57000HPA247L0002,05/05/2026 20:39,05/06/2026 00:10,03:32:00,5.94
57000HPA247L0002,57000HPA247L0002,05/06/2026 21:28,05/07/2026 01:00,03:32:00,5.66
57000HPA247L0002,57000HPA247L0002,05/08/2026 21:21,05/09/2026 04:03,06:43:00,14.35
57000HPA247L0002,57000HPA247L0002,05/10/2026 16:46,05/10/2026 21:20,04:34:00,10.98
57000HPA247L0002,57000HPA247L0002,05/12/2026 20:44,05/13/2026 00:51,04:07:00,9.12
57000HPA247L0002,57000HPA247L0002,05/13/2026 21:13,05/14/2026 00:49,03:37:00,7.53
57000HPA247L0002,57000HPA247L0002,05/16/2026 08:37,05/16/2026 09:33,00:56:00,2.69
57000HPA247L0002,57000HPA247L0002,05/16/2026 12:18,05/16/2026 16:19,04:02:00,10.17
57000HPA247L0002,57000HPA247L0002,05/17/2026 19:51,05/17/2026 23:02,03:12:00,5.62
57000HPA247L0002,57000HPA247L0002,05/18/2026 21:02,05/19/2026 00:03,03:01:00,5.36
57000HPA247L0002,57000HPA247L0002,05/20/2026 19:48,05/21/2026 01:46,05:59:00,14.57
57000HPA247L0002,57000HPA247L0002,05/21/2026 21:10,05/22/2026 00:28,03:18:00,6.25
57000HPA247L0002,57000HPA247L0002,05/22/2026 20:59,05/22/2026 23:53,02:54:00,4.97
57000HPA247L0002,57000HPA247L0002,05/24/2026 17:27,05/24/2026 23:17,05:51:00,14.38
57000HPA247L0002,57000HPA247L0002,05/25/2026 20:36,05/25/2026 23:30,02:55:00,4.97
57000HPA247L0002,57000HPA247L0002,05/27/2026 20:55,05/28/2026 00:41,03:47:00,8.12
57000HPA247L0002,57000HPA247L0002,05/31/2026 19:10,06/01/2026 00:59,05:49:00,14.29
57000HPA247L0002,57000HPA247L0002,06/01/2026 21:48,06/02/2026 00:49,03:01:00,5.60
57000HPA247L0002,57000HPA247L0002,06/03/2026 21:05,06/04/2026 00:32,03:28:00,7.11
57000HPA247L0002,57000HPA247L0002,06/05/2026 10:27,06/05/2026 13:11,02:44:00,4.57
57000HPA247L0002,57000HPA247L0002,06/07/2026 16:47,06/07/2026 21:15,04:28:00,9.61
57000HPA247L0002,57000HPA247L0002,06/09/2026 21:00,06/10/2026 01:48,04:48:00,11.24
57000HPA247L0002,57000HPA247L0002,06/10/2026 21:23,06/10/2026 22:33,01:11:00,3.53
57000HPA247L0002,57000HPA247L0002,06/10/2026 22:37,06/11/2026 00:31,01:54:00,2.34
57000HPA247L0002,57000HPA247L0002,06/12/2026 21:33,06/13/2026 02:13,04:40:00,10.75
57000HPA247L0002,57000HPA247L0002,06/13/2026 23:12,06/14/2026 02:20,03:09:00,5.71
57000HPA247L0002,57000HPA247L0002,06/14/2026 20:11,06/14/2026 20:47,00:37:00,0.00
57000HPA247L0002,57000HPA247L0002,06/15/2026 20:56,06/16/2026 00:05,03:09:00,6.09
57000HPA247L0002,57000HPA247L0002,06/17/2026 21:20,06/18/2026 03:14,05:54:00,14.60
57000HPA247L0002,57000HPA247L0002,06/19/2026 19:27,06/20/2026 00:22,04:55:00,11.49
57000HPA247L0002,57000HPA247L0002,06/21/2026 21:46,06/22/2026 01:31,03:45:00,7.90
57000HPA247L0002,57000HPA247L0002,06/22/2026 21:07,06/23/2026 00:15,03:08:00,5.17
57000HPA247L0002,57000HPA247L0002,06/24/2026 20:01,06/25/2026 00:44,04:43:00,10.70
57000HPA247L0002,57000HPA247L0002,06/25/2026 20:53,06/25/2026 23:58,03:06:00,5.96
57000HPA247L0002,57000HPA247L0002,06/29/2026 08:03,06/29/2026 08:21,00:19:00,0.75
57000HPA247L0002,57000HPA247L0002,06/29/2026 18:05,06/30/2026 00:04,05:59:00,14.64
57000HPA247L0002,57000HPA247L0002,07/02/2026 21:08,07/03/2026 03:05,05:57:00,14.74
57000HPA247L0002,57000HPA247L0002,07/03/2026 19:58,07/04/2026 00:29,04:32:00,10.22
57000HPA247L0002,57000HPA247L0002,07/05/2026 18:08,07/05/2026 22:47,04:40:00,10.77
57000HPA247L0002,57000HPA247L0002,07/07/2026 21:05,07/08/2026 01:17,04:12:00,9.35
57000HPA247L0002,57000HPA247L0002,07/08/2026 22:12,07/09/2026 01:17,03:05:00,5.40
57000HPA247L0002,57000HPA247L0002,07/12/2026 15:48,07/12/2026 21:53,06:06:00,14.72
57000HPA247L0002,57000HPA247L0002,07/13/2026 22:49,07/14/2026 02:01,03:12:00,6.40
57000HPA247L0002,57000HPA247L0002,07/15/2026 19:30,07/15/2026 23:57,04:28:00,9.96
57000HPA247L0002,57000HPA247L0002,07/18/2026 09:26,07/18/2026 12:01,02:35:00,7.61
57000HPA247L0002,57000HPA247L0002,07/19/2026 18:51,07/20/2026 00:42,05:52:00,14.30
57000HPA247L0002,57000HPA247L0002,07/20/2026 17:43,07/20/2026 20:33,02:51:00,4.41
57000HPA247L0002,57000HPA247L0002,07/21/2026 19:05,07/21/2026 23:16,04:12:00,9.06
57000HPA247L0002,57000HPA247L0002,07/23/2026 02:06,07/23/2026 06:14,04:09:00,8.25
57000HPA247L0002,57000HPA247L0002,07/23/2026 21:19,07/24/2026 00:13,02:55:00,4.91
57000HPA247L0002,57000HPA247L0002,07/28/2026 17:13,07/28/2026 17:13,00:01:00,0.00
57000HPA247L0002,57000HPA247L0002,07/28/2026 17:14,07/29/2026 00:29,07:15:00,15.52
57000HPA247L0002,57000HPA247L0002,07/29/2026 23:41,07/30/2026 03:54,04:14:00,9.55
57000HPA247L0002,57000HPA247L0002,07/31/2026 21:12,08/01/2026 02:29,05:17:00,12.60
57000HPA247L0002,57000HPA247L0002,08/02/2026 16:34,08/02/2026 20:06,03:33:00,6.03
57000HPA247L0002,57000HPA247L0002,08/03/2026 21:09,08/04/2026 00:39,03:31:00,7.16
57000HPA247L0002,57000HPA247L0002,08/05/2026 21:10,08/06/2026 01:55,04:46:00,10.41
57000HPA247L0002,57000HPA247L0002,08/07/2026 21:34,08/08/2026 01:33,04:00:00,8.70
57000HPA247L0002,57000HPA247L0002,08/10/2026 21:20,08/11/2026 01:41,04:22:00,9.78
57000HPA247L0002,57000HPA247L0002,08/11/2026 21:20,08/12/2026 01:21,04:02:00,8.71
57000HPA247L0002,57000HPA247L0002,08/13/2026 21:13,08/14/2026 01:35,04:23:00,9.78
57000HPA247L0002,57000HPA247L0002,08/14/2026 21:26,08/15/2026 00:18,02:53:00,4.69
57000HPA247L0002,57000HPA247L0002,08/15/2026 13:14,08/15/2026 15:02,01:48:00,1.67
57000HPA247L0002,57000HPA247L0002,08/17/2026 21:17,08/18/2026 01:03,03:47:00,7.75
57000HPA247L0002,57000HPA247L0002,08/18/2026 21:43,08/19/2026 01:17,03:35:00,5.58
57000HPA247L0002,57000HPA247L0002,08/20/2026 21:09,08/21/2026 03:28,06:20:00,12.77
57000HPA247L0002,57000HPA247L0002,08/22/2026 19:47,08/22/2026 23:17,03:31:00,7.08
57000HPA247L0002,57000HPA247L0002,08/24/2026 21:13,08/25/2026 02:25,05:13:00,12.32
57000HPA247L0002,57000HPA247L0002,08/26/2026 20:56,08/27/2026 00:59,04:03:00,8.80
57000HPA247L0002,57000HPA247L0002,08/30/2026 18:14,08/30/2026 22:30,04:17:00,9.45
57000HPA247L0002,57000HPA247L0002,09/01/2026 21:22,09/02/2026 01:55,04:33:00,10.30
57000HPA247L0002,57000HPA247L0002,09/03/2026 22:04,09/04/2026 02:21,04:18:00,9.53
57000HPA247L0002,57000HPA247L0002,09/04/2026 22:18,09/05/2026 01:14,02:57:00,4.84
57000HPA247L0002,57000HPA247L0002,09/07/2026 20:32,09/08/2026 02:23,05:52:00,14.48
57000HPA247L0002,57000HPA247L0002,09/09/2026 12:26,09/09/2026 13:29,01:04:00,3.16
57000HPA247L0002,57000HPA247L0002,09/09/2026 21:20,09/10/2026 02:59,05:40:00,13.78
57000HPA247L0002,57000HPA247L0002,09/11/2026 15:06,09/11/2026 15:32,00:26:00,1.27
57000HPA247L0002,57000HPA247L0002,09/12/2026 17:42,09/12/2026 20:28,02:47:00,8.40
57000HPA247L0002,57000HPA247L0002,09/13/2026 09:04,09/13/2026 12:10,03:06:00,5.73
57000HPA247L0002,57000HPA247L0002,09/14/2026 15:33,09/14/2026 15:33,00:01:00,0.01
57000HPA247L0002,57000HPA247L0002,09/14/2026 20:47,09/15/2026 00:54,04:08:00,9.16
57000HPA247L0002,57000HPA247L0002,09/15/2026 20:43,09/15/2026 23:46,03:04:00,5.94
57000HPA247L0002,57000HPA247L0002,09/17/2026 20:58,09/18/2026 01:27,04:30:00,10.32
57000HPA247L0002,57000HPA247L0002,09/20/2026 20:29,09/21/2026 00:27,03:59:00,8.61
57000HPA247L0002,57000HPA247L0002,09/21/2026 21:34,09/22/2026 00:49,03:16:00,6.02
57000HPA247L0002,57000HPA247L0002,09/22/2026 03:37,09/22/2026 03:37,00:00:00,0.00
57000HPA247L0002,57000HPA247L0002,09/22/2026 03:39,09/22/2026 04:00,00:22:00,0.00
57000HPA247L0002,57000HPA247L0002,09/22/2026 21:06,09/22/2026 23:47,02:41:00,4.62
57000HPA247L0002,57000HPA247L0002,09/24/2026 18:09,09/24/2026 22:22,04:14:00,9.47
57000HPA247L0002,57000HPA247L0002,09/25/2026 21:59,09/26/2026 01:26,03:28:00,7.17
57000HPA247L0002,57000HPA247L0002,09/27/2026 21:38,09/28/2026 01:23,03:45:00,7.41
57000HPA247L0002,57000HPA247L0002,09/28/2026 20:51,09/29/2026 01:31,04:40:00,10.64
57000HPA247L0002,57000HPA247L0002,09/29/2026 21:02,09/30/2026 00:46,03:44:00,5.91
